,home_score,away_score,home_team,away_team,result,date,year,day,id
0,0,3,Burnley,Man City,0,2023-08-11 19:00:00+00:00,2023,4,4193450
1,2,1,Arsenal,Nottm Forest,1,2023-08-12 12:00:00+00:00,2023,5,4193451
2,1,1,Bournemouth,West Ham,0,2023-08-12 14:00:00+00:00,2023,5,4193452
3,4,1,Brighton,Luton,1,2023-08-12 14:00:00+00:00,2023,5,4193453
4,0,1,Everton,Fulham,0,2023-08-12 14:00:00+00:00,2023,5,4193454
5,0,1,Sheff Utd,Crystal Palace,0,2023-08-12 14:00:00+00:00,2023,5,4193455
6,5,1,Newcastle,Aston Villa,1,2023-08-12 16:30:00+00:00,2023,5,4193456
7,2,2,Brentford,Tottenham,0,2023-08-13 13:00:00+00:00,2023,6,4193457
8,1,1,Chelsea,Liverpool,0,2023-08-13 15:30:00+00:00,2023,6,4193458
9,1,0,Man United,Wolves,1,2023-08-14 19:00:00+00:00,2023,0,4193459
10,2,1,Nottm Forest,Sheff Utd,1,2023-08-18 18:45:00+00:00,2023,4,4193476
11,0,3,Fulham,Brentford,0,2023-08-19 14:00:00+00:00,2023,5,4193472
12,3,1,Liverpool,Bournemouth,1,2023-08-19 14:00:00+00:00,2023,5,4193473
13,1,4,Wolves,Brighton,0,2023-08-19 14:00:00+00:00,2023,5,4193479
14,2,0,Tottenham,Man United,1,2023-08-19 16:30:00+00:00,2023,5,4193477
15,1,0,Man City,Newcastle,1,2023-08-19 19:00:00+00:00,2023,5,4193475
16,4,0,Aston Villa,Everton,1,2023-08-20 13:00:00+00:00,2023,6,4193470
17,3,1,West Ham,Chelsea,1,2023-08-20 15:30:00+00:00,2023,6,4193478
18,0,1,Crystal Palace,Arsenal,0,2023-08-21 19:00:00+00:00,2023,0,4193471
19,3,0,Chelsea,Luton,1,2023-08-25 19:00:00+00:00,2023,4,4193485
20,0,2,Bournemouth,Tottenham,0,2023-08-26 11:30:00+00:00,2023,5,4193480
21,2,2,Arsenal,Fulham,0,2023-08-26 14:00:00+00:00,2023,5,4193481
22,1,1,Brentford,Crystal Palace,0,2023-08-26 14:00:00+00:00,2023,5,4193482
23,0,1,Everton,Wolves,0,2023-08-26 14:00:00+00:00,2023,5,4193486
24,3,2,Man United,Nottm Forest,1,2023-08-26 14:00:00+00:00,2023,5,4193487
25,1,3,Brighton,West Ham,0,2023-08-26 16:30:00+00:00,2023,5,4193483
26,1,3,Burnley,Aston Villa,0,2023-08-27 13:00:00+00:00,2023,6,4193484
27,1,2,Sheff Utd,Man City,0,2023-08-27 13:00:00+00:00,2023,6,4193489
28,1,2,Newcastle,Liverpool,0,2023-08-27 15:30:00+00:00,2023,6,4193488
29,1,2,Luton,West Ham,0,2023-09-01 19:00:00+00:00,2023,4,4193497
30,2,2,Sheff Utd,Everton,0,2023-09-02 11:30:00+00:00,2023,5,4193499
31,2,2,Brentford,Bournemouth,0,2023-09-02 14:00:00+00:00,2023,5,4193491
32,2,5,Burnley,Tottenham,0,2023-09-02 14:00:00+00:00,2023,5,4193493
33,0,1,Chelsea,Nottm Forest,0,2023-09-02 14:00:00+00:00,2023,5,4193494
34,5,1,Man City,Fulham,1,2023-09-02 14:00:00+00:00,2023,5,4193498
35,3,1,Brighton,Newcastle,1,2023-09-02 16:30:00+00:00,2023,5,4193492
36,3,2,Crystal Palace,Wolves,1,2023-09-03 13:00:00+00:00,2023,6,4193495
37,3,0,Liverpool,Aston Villa,1,2023-09-03 13:00:00+00:00,2023,6,4193496
38,3,1,Arsenal,Man United,1,2023-09-03 15:30:00+00:00,2023,6,4193490
39,1,3,Wolves,Liverpool,0,2023-09-16 11:30:00+00:00,2023,5,4193509
40,3,1,Aston Villa,Crystal Palace,1,2023-09-16 14:00:00+00:00,2023,5,4193501
41,1,0,Fulham,Luton,1,2023-09-16 14:00:00+00:00,2023,5,4193503
42,1,3,Man United,Brighton,0,2023-09-16 14:00:00+00:00,2023,5,4193504
43,2,1,Tottenham,Sheff Utd,1,2023-09-16 14:00:00+00:00,2023,5,4193507
44,1,3,West Ham,Man City,0,2023-09-16 14:00:00+00:00,2023,5,4193508
45,1,0,Newcastle,Brentford,1,2023-09-16 16:30:00+00:00,2023,5,4193505
46,0,0,Bournemouth,Chelsea,0,2023-09-17 13:00:00+00:00,2023,6,4193500
47,0,1,Everton,Arsenal,0,2023-09-17 15:30:00+00:00,2023,6,4193502
48,1,1,Nottm Forest,Burnley,0,2023-09-18 18:45:00+00:00,2023,0,4193506
49,0,0,Crystal Palace,Fulham,0,2023-09-23 14:00:00+00:00,2023,5,4193515
50,1,1,Luton,Wolves,0,2023-09-23 14:00:00+00:00,2023,5,4193517
51,2,0,Man City,Nottm Forest,1,2023-09-23 14:00:00+00:00,2023,5,4193518
52,1,3,Brentford,Everton,0,2023-09-23 16:30:00+00:00,2023,5,4193511
53,0,1,Burnley,Man United,0,2023-09-23 19:00:00+00:00,2023,5,4193513
54,2,2,Arsenal,Tottenham,0,2023-09-24 13:00:00+00:00,2023,6,4193510
55,3,1,Brighton,Bournemouth,1,2023-09-24 13:00:00+00:00,2023,6,4193512
56,0,1,Chelsea,Aston Villa,0,2023-09-24 13:00:00+00:00,2023,6,4193514
57,3,1,Liverpool,West Ham,1,2023-09-24 13:00:00+00:00,2023,6,4193516
58,0,8,Sheff Utd,Newcastle,0,2023-09-24 15:30:00+00:00,2023,6,4193519
59,6,1,Aston Villa,Brighton,1,2023-09-30 11:30:00+00:00,2023,5,4193521
60,0,4,Bournemouth,Arsenal,0,2023-09-30 14:00:00+00:00,2023,5,4193520
61,1,2,Everton,Luton,0,2023-09-30 14:00:00+00:00,2023,5,4193522
62,0,1,Man United,Crystal Palace,0,2023-09-30 14:00:00+00:00,2023,5,4193524
63,2,0,Newcastle,Burnley,1,2023-09-30 14:00:00+00:00,2023,5,4193525
64,2,0,West Ham,Sheff Utd,1,2023-09-30 14:00:00+00:00,2023,5,4193528
65,2,1,Wolves,Man City,1,2023-09-30 14:00:00+00:00,2023,5,4193529
66,2,1,Tottenham,Liverpool,1,2023-09-30 16:30:00+00:00,2023,5,4193527
67,1,1,Nottm Forest,Brentford,0,2023-10-01 13:00:00+00:00,2023,6,4193526
68,0,2,Fulham,Chelsea,0,2023-10-02 19:00:00+00:00,2023,0,4193523
69,1,2,Luton,Burnley,0,2023-10-03 18:30:00+00:00,2023,1,4193474
70,0,1,Luton,Tottenham,0,2023-10-07 11:30:00+00:00,2023,5,4193536
71,1,4,Burnley,Chelsea,0,2023-10-07 14:00:00+00:00,2023,5,4193532
72,3,0,Everton,Bournemouth,1,2023-10-07 14:00:00+00:00,2023,5,4193534
73,3,1,Fulham,Sheff Utd,1,2023-10-07 14:00:00+00:00,2023,5,4193535
74,2,1,Man United,Brentford,1,2023-10-07 14:00:00+00:00,2023,5,4193537
75,0,0,Crystal Palace,Nottm Forest,0,2023-10-07 16:30:00+00:00,2023,5,4193533
76,2,2,Brighton,Liverpool,0,2023-10-08 13:00:00+00:00,2023,6,4193531
77,2,2,West Ham,Newcastle,0,2023-10-08 13:00:00+00:00,2023,6,4193538
78,1,1,Wolves,Aston Villa,0,2023-10-08 13:00:00+00:00,2023,6,4193539
79,1,0,Arsenal,Man City,1,2023-10-08 15:30:00+00:00,2023,6,4193530
80,2,0,Liverpool,Everton,1,2023-10-21 11:30:00+00:00,2023,5,4193544
81,1,2,Bournemouth,Wolves,0,2023-10-21 14:00:00+00:00,2023,5,4193540
82,3,0,Brentford,Burnley,1,2023-10-21 14:00:00+00:00,2023,5,4193542
83,2,1,Man City,Brighton,1,2023-10-21 14:00:00+00:00,2023,5,4193545
84,4,0,Newcastle,Crystal Palace,1,2023-10-21 14:00:00+00:00,2023,5,4193546
85,2,2,Nottm Forest,Luton,0,2023-10-21 14:00:00+00:00,2023,5,4193547
86,2,2,Chelsea,Arsenal,0,2023-10-21 16:30:00+00:00,2023,5,4193543
87,1,2,Sheff Utd,Man United,0,2023-10-21 19:00:00+00:00,2023,5,4193548
88,4,1,Aston Villa,West Ham,1,2023-10-22 15:30:00+00:00,2023,6,4193541
89,2,0,Tottenham,Fulham,1,2023-10-23 19:00:00+00:00,2023,0,4193549
90,1,2,Crystal Palace,Tottenham,0,2023-10-27 19:00:00+00:00,2023,4,4193555
91,0,2,Chelsea,Brentford,0,2023-10-28 11:30:00+00:00,2023,5,4193554
92,2,1,Bournemouth,Burnley,1,2023-10-28 14:00:00+00:00,2023,5,4193550
93,5,0,Arsenal,Sheff Utd,1,2023-10-28 14:00:00+00:00,2023,5,4193551
94,2,2,Wolves,Newcastle,0,2023-10-28 16:30:00+00:00,2023,5,4193559
95,0,1,West Ham,Everton,0,2023-10-29 13:00:00+00:00,2023,6,4193558
96,3,1,Aston Villa,Luton,1,2023-10-29 14:00:00+00:00,2023,6,4193552
97,1,1,Brighton,Fulham,0,2023-10-29 14:00:00+00:00,2023,6,4193553
98,3,0,Liverpool,Nottm Forest,1,2023-10-29 14:00:00+00:00,2023,6,4193556
99,0,3,Man United,Man City,0,2023-10-29 15:30:00+00:00,2023,6,4193557
100,0,1,Fulham,Man United,0,2023-11-04 12:30:00+00:00,2023,5,4193563
101,3,2,Brentford,West Ham,1,2023-11-04 15:00:00+00:00,2023,5,4193560
102,0,2,Burnley,Crystal Palace,0,2023-11-04 15:00:00+00:00,2023,5,4193561
103,1,1,Everton,Brighton,0,2023-11-04 15:00:00+00:00,2023,5,4193562
104,6,1,Man City,Bournemouth,1,2023-11-04 15:00:00+00:00,2023,5,4193565
105,2,1,Sheff Utd,Wolves,1,2023-11-04 15:00:00+00:00,2023,5,4193568
106,1,0,Newcastle,Arsenal,1,2023-11-04 17:30:00+00:00,2023,5,4193566
107,2,0,Nottm Forest,Aston Villa,1,2023-11-05 14:00:00+00:00,2023,6,4193567
108,1,1,Luton,Liverpool,0,2023-11-05 16:30:00+00:00,2023,6,4193564
109,1,4,Tottenham,Chelsea,0,2023-11-06 20:00:00+00:00,2023,0,4193569
110,2,1,Wolves,Tottenham,1,2023-11-11 12:30:00+00:00,2023,5,4193579
111,3,1,Arsenal,Burnley,1,2023-11-11 15:00:00+00:00,2023,5,4193571
112,2,3,Crystal Palace,Everton,0,2023-11-11 15:00:00+00:00,2023,5,4193575
113,1,0,Man United,Luton,1,2023-11-11 15:00:00+00:00,2023,5,4193577
114,2,0,Bournemouth,Newcastle,1,2023-11-11 17:30:00+00:00,2023,5,4193570
115,3,1,Aston Villa,Fulham,1,2023-11-12 14:00:00+00:00,2023,6,4193572
116,1,1,Brighton,Sheff Utd,0,2023-11-12 14:00:00+00:00,2023,6,4193573
117,3,0,Liverpool,Brentford,1,2023-11-12 14:00:00+00:00,2023,6,4193576
118,3,2,West Ham,Nottm Forest,1,2023-11-12 14:00:00+00:00,2023,6,4193578
119,4,4,Chelsea,Man City,0,2023-11-12 16:30:00+00:00,2023,6,4193574
120,1,1,Man City,Liverpool,0,2023-11-25 12:30:00+00:00,2023,5,4193656
121,1,2,Burnley,West Ham,0,2023-11-25 15:00:00+00:00,2023,5,4193652
122,2,1,Luton,Crystal Palace,1,2023-11-25 15:00:00+00:00,2023,5,4193655
123,4,1,Newcastle,Chelsea,1,2023-11-25 15:00:00+00:00,2023,5,4193657
124,2,3,Nottm Forest,Brighton,0,2023-11-25 15:00:00+00:00,2023,5,4193658
125,1,3,Sheff Utd,Bournemouth,0,2023-11-25 15:00:00+00:00,2023,5,4193659
126,0,1,Brentford,Arsenal,0,2023-11-25 17:30:00+00:00,2023,5,4193651
127,1,2,Tottenham,Aston Villa,0,2023-11-26 14:00:00+00:00,2023,6,4193660
128,0,3,Everton,Man United,0,2023-11-26 16:30:00+00:00,2023,6,4193653
129,3,2,Fulham,Wolves,1,2023-11-27 20:00:00+00:00,2023,0,4193654
130,0,0,Man City,Brentford,0,2023-12-23 15:00:00+00:00,2023,5,4193706
131,0,2,Crystal Palace,Arsenal,0,2022-08-05 19:00:00+00:00,2022,4,3900932
132,2,2,Fulham,Liverpool,0,2022-08-06 11:30:00+00:00,2022,5,3900933
133,2,0,Bournemouth,Aston Villa,1,2022-08-06 14:00:00+00:00,2022,5,3900934
134,2,1,Leeds,Wolves,1,2022-08-06 14:00:00+00:00,2022,5,3900935
135,2,0,Newcastle,Nottm Forest,1,2022-08-06 14:00:00+00:00,2022,5,3900937
136,4,1,Tottenham,Southampton,1,2022-08-06 14:00:00+00:00,2022,5,3900938
137,0,1,Everton,Chelsea,0,2022-08-06 16:30:00+00:00,2022,5,3900939
138,2,2,Leicester,Brentford,0,2022-08-07 13:00:00+00:00,2022,6,3900936
139,1,2,Man United,Brighton,0,2022-08-07 13:00:00+00:00,2022,6,3900940
140,0,2,West Ham,Man City,0,2022-08-07 15:30:00+00:00,2022,6,3900941
141,2,1,Aston Villa,Everton,1,2022-08-13 11:30:00+00:00,2022,5,3900943
142,4,2,Arsenal,Leicester,1,2022-08-13 14:00:00+00:00,2022,5,3900942
143,0,0,Brighton,Newcastle,0,2022-08-13 14:00:00+00:00,2022,5,3900945
144,4,0,Man City,Bournemouth,1,2022-08-13 14:00:00+00:00,2022,5,3900948
145,2,2,Southampton,Leeds,0,2022-08-13 14:00:00+00:00,2022,5,3900950
146,0,0,Wolves,Fulham,0,2022-08-13 14:00:00+00:00,2022,5,3900951
147,4,0,Brentford,Man United,1,2022-08-13 16:30:00+00:00,2022,5,3900944
148,1,0,Nottm Forest,West Ham,1,2022-08-14 13:00:00+00:00,2022,6,3900949
149,2,2,Chelsea,Tottenham,0,2022-08-14 15:30:00+00:00,2022,6,3900946
150,1,1,Liverpool,Crystal Palace,0,2022-08-15 19:00:00+00:00,2022,0,3900947
151,1,0,Tottenham,Wolves,1,2022-08-20 11:30:00+00:00,2022,5,3900960
152,3,1,Crystal Palace,Aston Villa,1,2022-08-20 14:00:00+00:00,2022,5,3900953
153,1,1,Everton,Nottm Forest,0,2022-08-20 14:00:00+00:00,2022,5,3900954
154,3,2,Fulham,Brentford,1,2022-08-20 14:00:00+00:00,2022,5,3900955
155,1,2,Leicester,Southampton,0,2022-08-20 14:00:00+00:00,2022,5,3900957
156,0,3,Bournemouth,Arsenal,0,2022-08-20 16:30:00+00:00,2022,5,3900952
157,3,0,Leeds,Chelsea,1,2022-08-21 13:00:00+00:00,2022,6,3900956
158,0,2,West Ham,Brighton,0,2022-08-21 13:00:00+00:00,2022,6,3900961
159,3,3,Newcastle,Man City,0,2022-08-21 15:30:00+00:00,2022,6,3900959
160,2,1,Man United,Liverpool,1,2022-08-22 19:00:00+00:00,2022,0,3900958
161,0,1,Southampton,Man United,0,2022-08-27 11:30:00+00:00,2022,5,3900970
162,1,1,Brentford,Everton,0,2022-08-27 14:00:00+00:00,2022,5,3900964
163,1,0,Brighton,Leeds,1,2022-08-27 14:00:00+00:00,2022,5,3900965
164,2,1,Chelsea,Leicester,1,2022-08-27 14:00:00+00:00,2022,5,3900966
165,9,0,Liverpool,Bournemouth,1,2022-08-27 14:00:00+00:00,2022,5,3900967
166,4,2,Man City,Crystal Palace,1,2022-08-27 14:00:00+00:00,2022,5,3900968
167,2,1,Arsenal,Fulham,1,2022-08-27 16:30:00+00:00,2022,5,3900962
168,0,1,Aston Villa,West Ham,0,2022-08-28 13:00:00+00:00,2022,6,3900963
169,1,1,Wolves,Newcastle,0,2022-08-28 13:00:00+00:00,2022,6,3900971
170,0,2,Nottm Forest,Tottenham,0,2022-08-28 15:30:00+00:00,2022,6,3900969
171,1,1,Crystal Palace,Brentford,0,2022-08-30 18:30:00+00:00,2022,1,3900978
172,2,1,Fulham,Brighton,1,2022-08-30 18:30:00+00:00,2022,1,3900974
173,2,1,Southampton,Chelsea,1,2022-08-30 18:45:00+00:00,2022,1,3900979
174,1,1,Leeds,Everton,0,2022-08-30 19:00:00+00:00,2022,1,3900975
175,0,0,Bournemouth,Wolves,0,2022-08-31 18:30:00+00:00,2022,2,3900973
176,2,1,Arsenal,Aston Villa,1,2022-08-31 18:30:00+00:00,2022,2,3900972
177,6,0,Man City,Nottm Forest,1,2022-08-31 18:30:00+00:00,2022,2,3900981
178,1,1,West Ham,Tottenham,0,2022-08-31 18:45:00+00:00,2022,2,3900977
179,2,1,Liverpool,Newcastle,1,2022-08-31 19:00:00+00:00,2022,2,3900980
180,0,1,Leicester,Man United,0,2022-09-01 19:00:00+00:00,2022,3,3900976
181,0,0,Everton,Liverpool,0,2022-09-03 11:30:00+00:00,2022,5,3900986
182,5,2,Brentford,Leeds,1,2022-09-03 14:00:00+00:00,2022,5,3900983
183,2,1,Chelsea,West Ham,1,2022-09-03 14:00:00+00:00,2022,5,3900985
184,0,0,Newcastle,Crystal Palace,0,2022-09-03 14:00:00+00:00,2022,5,3900988
185,2,3,Nottm Forest,Bournemouth,0,2022-09-03 14:00:00+00:00,2022,5,3900989
186,2,1,Tottenham,Fulham,1,2022-09-03 14:00:00+00:00,2022,5,3900990
187,1,0,Wolves,Southampton,1,2022-09-03 14:00:00+00:00,2022,5,3900991
188,1,1,Aston Villa,Man City,0,2022-09-03 16:30:00+00:00,2022,5,3900982
189,5,2,Brighton,Leicester,1,2022-09-04 13:00:00+00:00,2022,6,3900984
190,3,1,Man United,Arsenal,1,2022-09-04 15:30:00+00:00,2022,6,3900987
191,1,0,Aston Villa,Southampton,1,2022-09-16 19:00:00+00:00,2022,4,3901002
192,2,3,Nottm Forest,Fulham,0,2022-09-16 19:00:00+00:00,2022,4,3901009
193,0,3,Wolves,Man City,0,2022-09-17 11:30:00+00:00,2022,5,3901011
194,1,1,Newcastle,Bournemouth,0,2022-09-17 14:00:00+00:00,2022,5,3901008
195,6,2,Tottenham,Leicester,1,2022-09-17 16:30:00+00:00,2022,5,3901010
196,0,3,Brentford,Arsenal,0,2022-09-18 11:00:00+00:00,2022,6,3901003
197,1,0,Everton,West Ham,1,2022-09-18 13:15:00+00:00,2022,6,3901006
198,3,1,Arsenal,Tottenham,1,2022-10-01 11:30:00+00:00,2022,5,3901012
199,0,0,Bournemouth,Brentford,0,2022-10-01 14:00:00+00:00,2022,5,3901013
200,1,2,Crystal Palace,Chelsea,0,2022-10-01 14:00:00+00:00,2022,5,3901014
201,1,4,Fulham,Newcastle,0,2022-10-01 14:00:00+00:00,2022,5,3901015
202,3,3,Liverpool,Brighton,0,2022-10-01 14:00:00+00:00,2022,5,3901018
203,1,2,Southampton,Everton,0,2022-10-01 14:00:00+00:00,2022,5,3901020
204,2,0,West Ham,Wolves,1,2022-10-01 16:30:00+00:00,2022,5,3901021
205,6,3,Man City,Man United,1,2022-10-02 13:00:00+00:00,2022,6,3901019
206,0,0,Leeds,Aston Villa,0,2022-10-02 15:30:00+00:00,2022,6,3901016
207,4,0,Leicester,Nottm Forest,1,2022-10-03 19:00:00+00:00,2022,0,3901017
208,2,1,Bournemouth,Leicester,1,2022-10-08 14:00:00+00:00,2022,5,3901023
209,3,0,Chelsea,Wolves,1,2022-10-08 14:00:00+00:00,2022,5,3901025
210,4,0,Man City,Southampton,1,2022-10-08 14:00:00+00:00,2022,5,3901028
211,5,1,Newcastle,Brentford,1,2022-10-08 14:00:00+00:00,2022,5,3901029
212,0,1,Brighton,Tottenham,0,2022-10-08 16:30:00+00:00,2022,5,3901024
213,2,1,Crystal Palace,Leeds,1,2022-10-09 13:00:00+00:00,2022,6,3901026
214,3,1,West Ham,Fulham,1,2022-10-09 13:00:00+00:00,2022,6,3901031
215,3,2,Arsenal,Liverpool,1,2022-10-09 15:30:00+00:00,2022,6,3901022
216,1,2,Everton,Man United,0,2022-10-09 18:00:00+00:00,2022,6,3901027
217,1,1,Nottm Forest,Aston Villa,0,2022-10-10 19:00:00+00:00,2022,0,3901030
218,2,0,Brentford,Brighton,1,2022-10-14 19:00:00+00:00,2022,4,3901033
219,0,0,Leicester,Crystal Palace,0,2022-10-15 11:30:00+00:00,2022,5,3901036
220,2,2,Fulham,Bournemouth,0,2022-10-15 14:00:00+00:00,2022,5,3901034
221,1,0,Wolves,Nottm Forest,1,2022-10-15 14:00:00+00:00,2022,5,3901041
222,2,0,Tottenham,Everton,1,2022-10-15 16:30:00+00:00,2022,5,3901040
223,0,2,Aston Villa,Chelsea,0,2022-10-16 13:00:00+00:00,2022,6,3901032
224,0,1,Leeds,Arsenal,0,2022-10-16 13:00:00+00:00,2022,6,3901035
225,0,0,Man United,Newcastle,0,2022-10-16 13:00:00+00:00,2022,6,3901038
226,1,1,Southampton,West Ham,0,2022-10-16 13:00:00+00:00,2022,6,3901039
227,1,0,Liverpool,Man City,1,2022-10-16 15:30:00+00:00,2022,6,3901037
228,0,0,Brighton,Nottm Forest,0,2022-10-18 18:30:00+00:00,2022,1,3901045
229,2,1,Crystal Palace,Wolves,1,2022-10-18 19:15:00+00:00,2022,1,3901048
230,0,1,Bournemouth,Southampton,0,2022-10-19 18:30:00+00:00,2022,2,3901043
231,0,0,Brentford,Chelsea,0,2022-10-19 18:30:00+00:00,2022,2,3901044
232,1,0,Liverpool,West Ham,1,2022-10-19 18:30:00+00:00,2022,2,3901050
233,1,0,Newcastle,Everton,1,2022-10-19 18:30:00+00:00,2022,2,3901049
234,2,0,Man United,Tottenham,1,2022-10-19 19:15:00+00:00,2022,2,3901051
235,3,0,Fulham,Aston Villa,1,2022-10-20 18:30:00+00:00,2022,3,3901046
236,2,0,Leicester,Leeds,1,2022-10-20 19:15:00+00:00,2022,3,3901047
237,1,0,Nottm Forest,Liverpool,1,2022-10-22 11:30:00+00:00,2022,5,3901057
238,3,0,Everton,Crystal Palace,1,2022-10-22 14:00:00+00:00,2022,5,3901054
239,3,1,Man City,Brighton,1,2022-10-22 14:00:00+00:00,2022,5,3901056
240,1,1,Chelsea,Man United,0,2022-10-22 16:30:00+00:00,2022,5,3901053
241,4,0,Aston Villa,Brentford,1,2022-10-23 13:00:00+00:00,2022,6,3901052
242,2,3,Leeds,Fulham,0,2022-10-23 13:00:00+00:00,2022,6,3901055
243,1,1,Southampton,Arsenal,0,2022-10-23 13:00:00+00:00,2022,6,3901058
244,0,4,Wolves,Leicester,0,2022-10-23 13:00:00+00:00,2022,6,3901061
245,1,2,Tottenham,Newcastle,0,2022-10-23 15:30:00+00:00,2022,6,3901059
246,2,0,West Ham,Bournemouth,1,2022-10-24 19:00:00+00:00,2022,0,3901060
247,0,1,Leicester,Man City,0,2022-10-29 11:30:00+00:00,2022,5,3901068
248,2,3,Bournemouth,Tottenham,0,2022-10-29 14:00:00+00:00,2022,5,3901063
249,1,1,Brentford,Wolves,0,2022-10-29 14:00:00+00:00,2022,5,3901064
250,4,1,Brighton,Chelsea,1,2022-10-29 14:00:00+00:00,2022,5,3901065
251,1,0,Crystal Palace,Southampton,1,2022-10-29 14:00:00+00:00,2022,5,3901066
252,4,0,Newcastle,Aston Villa,1,2022-10-29 14:00:00+00:00,2022,5,3901071
253,0,0,Fulham,Everton,0,2022-10-29 16:30:00+00:00,2022,5,3901067
254,1,2,Liverpool,Leeds,0,2022-10-29 18:45:00+00:00,2022,5,3901069
255,5,0,Arsenal,Nottm Forest,1,2022-10-30 14:00:00+00:00,2022,6,3901062
256,1,0,Man United,West Ham,1,2022-10-30 16:15:00+00:00,2022,6,3901070
257,4,3,Leeds,Bournemouth,1,2022-11-05 15:00:00+00:00,2022,5,3901075
258,2,1,Man City,Fulham,1,2022-11-05 15:00:00+00:00,2022,5,3901076
259,2,2,Nottm Forest,Brentford,0,2022-11-05 15:00:00+00:00,2022,5,3901077
260,2,3,Wolves,Brighton,0,2022-11-05 15:00:00+00:00,2022,5,3901081
261,0,2,Everton,Leicester,0,2022-11-05 17:30:00+00:00,2022,5,3901074
262,0,1,Chelsea,Arsenal,0,2022-11-06 12:00:00+00:00,2022,6,3901073
263,3,1,Aston Villa,Man United,1,2022-11-06 14:00:00+00:00,2022,6,3901072
264,1,4,Southampton,Newcastle,0,2022-11-06 14:00:00+00:00,2022,6,3901078
265,1,2,West Ham,Crystal Palace,0,2022-11-06 14:00:00+00:00,2022,6,3901080
266,1,2,Tottenham,Liverpool,0,2022-11-06 16:30:00+00:00,2022,6,3901079
267,1,2,Man City,Brentford,0,2022-11-12 12:30:00+00:00,2022,5,3901086
268,3,0,Bournemouth,Everton,1,2022-11-12 15:00:00+00:00,2022,5,3901082
269,3,1,Liverpool,Southampton,1,2022-11-12 15:00:00+00:00,2022,5,3901085
270,1,0,Nottm Forest,Crystal Palace,1,2022-11-12 15:00:00+00:00,2022,5,3901088
271,4,3,Tottenham,Leeds,1,2022-11-12 15:00:00+00:00,2022,5,3901089
272,0,2,West Ham,Leicester,0,2022-11-12 15:00:00+00:00,2022,5,3901090
273,1,0,Newcastle,Chelsea,1,2022-11-12 17:30:00+00:00,2022,5,3901087
274,0,2,Wolves,Arsenal,0,2022-11-12 19:45:00+00:00,2022,5,3901091
275,1,2,Brighton,Aston Villa,0,2022-11-13 14:00:00+00:00,2022,6,3901083
276,1,2,Fulham,Man United,0,2022-11-13 16:30:00+00:00,2022,6,3901084
277,2,2,Brentford,Tottenham,0,2022-12-26 12:30:00+00:00,2022,0,3901094
278,0,3,Crystal Palace,Fulham,0,2022-12-26 15:00:00+00:00,2022,0,3901096
279,1,2,Everton,Wolves,0,2022-12-26 15:00:00+00:00,2022,0,3901097
280,0,3,Leicester,Newcastle,0,2022-12-26 15:00:00+00:00,2022,0,3901099
281,1,3,Southampton,Brighton,0,2022-12-26 15:00:00+00:00,2022,0,3901101
282,1,3,Aston Villa,Liverpool,0,2022-12-26 17:30:00+00:00,2022,0,3901093
283,3,1,Arsenal,West Ham,1,2022-12-26 20:00:00+00:00,2022,0,3901092
284,2,0,Chelsea,Bournemouth,1,2022-12-27 17:30:00+00:00,2022,1,3901095
285,3,0,Man United,Nottm Forest,1,2022-12-27 20:00:00+00:00,2022,1,3901100
286,1,3,Leeds,Man City,0,2022-12-28 20:00:00+00:00,2022,2,3901098
287,0,2,West Ham,Brentford,0,2022-12-30 19:45:00+00:00,2022,4,3901110
288,2,1,Liverpool,Leicester,1,2022-12-30 20:00:00+00:00,2022,4,3901105
289,0,1,Wolves,Man United,0,2022-12-31 12:30:00+00:00,2022,5,3901111
290,0,2,Bournemouth,Crystal Palace,0,2022-12-31 15:00:00+00:00,2022,5,3901102
291,2,1,Fulham,Southampton,1,2022-12-31 15:00:00+00:00,2022,5,3901104
292,1,1,Man City,Everton,0,2022-12-31 15:00:00+00:00,2022,5,3901106
293,0,0,Newcastle,Leeds,0,2022-12-31 15:00:00+00:00,2022,5,3901107
294,2,4,Brighton,Arsenal,0,2022-12-31 17:30:00+00:00,2022,5,3901103
295,0,2,Tottenham,Aston Villa,0,2023-01-01 14:00:00+00:00,2023,6,3901109
296,1,1,Nottm Forest,Chelsea,0,2023-01-01 16:30:00+00:00,2023,6,3901108
297,3,1,Brentford,Liverpool,1,2023-01-02 17:30:00+00:00,2023,0,3901114
298,0,0,Arsenal,Newcastle,0,2023-01-03 19:45:00+00:00,2023,1,3901112
299,1,4,Everton,Brighton,0,2023-01-03 19:45:00+00:00,2023,1,3901117
300,0,1,Leicester,Fulham,0,2023-01-03 19:45:00+00:00,2023,1,3901119
301,3,0,Man United,Bournemouth,1,2023-01-03 20:00:00+00:00,2023,1,3901120
302,0,1,Southampton,Nottm Forest,0,2023-01-04 19:30:00+00:00,2023,2,3901121
303,2,2,Leeds,West Ham,0,2023-01-04 19:45:00+00:00,2023,2,3901118
304,1,1,Aston Villa,Wolves,0,2023-01-04 20:00:00+00:00,2023,2,3901113
305,0,4,Crystal Palace,Tottenham,0,2023-01-04 20:00:00+00:00,2023,2,3901116
306,0,1,Chelsea,Man City,0,2023-01-05 20:00:00+00:00,2023,3,3901115
307,2,1,Fulham,Chelsea,1,2023-01-12 20:00:00+00:00,2023,3,3900995
308,2,1,Aston Villa,Leeds,1,2023-01-13 20:00:00+00:00,2023,4,3901122
309,2,1,Man United,Man City,1,2023-01-14 12:30:00+00:00,2023,5,3901127
310,3,0,Brighton,Liverpool,1,2023-01-14 15:00:00+00:00,2023,5,3901124
311,1,2,Everton,Southampton,0,2023-01-14 15:00:00+00:00,2023,5,3901126
312,2,0,Nottm Forest,Leicester,1,2023-01-14 15:00:00+00:00,2023,5,3901129
313,1,0,Wolves,West Ham,1,2023-01-14 15:00:00+00:00,2023,5,3901131
314,2,0,Brentford,Bournemouth,1,2023-01-14 17:30:00+00:00,2023,5,3901123
315,1,0,Chelsea,Crystal Palace,1,2023-01-15 14:00:00+00:00,2023,6,3901125
316,1,0,Newcastle,Fulham,1,2023-01-15 14:00:00+00:00,2023,6,3901128
317,0,2,Tottenham,Arsenal,0,2023-01-15 16:30:00+00:00,2023,6,3901130
318,1,1,Crystal Palace,Man United,0,2023-01-18 20:00:00+00:00,2023,2,3900994
319,4,2,Man City,Tottenham,1,2023-01-19 20:00:00+00:00,2023,3,3900999
320,0,0,Liverpool,Chelsea,0,2023-01-21 12:30:00+00:00,2023,5,3901138
321,1,1,Bournemouth,Nottm Forest,0,2023-01-21 15:00:00+00:00,2023,5,3901133
322,2,2,Leicester,Brighton,0,2023-01-21 15:00:00+00:00,2023,5,3901137
323,0,1,Southampton,Aston Villa,0,2023-01-21 15:00:00+00:00,2023,5,3901140
324,2,0,West Ham,Everton,1,2023-01-21 15:00:00+00:00,2023,5,3901141
325,0,0,Crystal Palace,Newcastle,0,2023-01-21 17:30:00+00:00,2023,5,3901134
326,0,0,Leeds,Brentford,0,2023-01-22 14:00:00+00:00,2023,6,3901136
327,3,0,Man City,Wolves,1,2023-01-22 14:00:00+00:00,2023,6,3901139
328,3,2,Arsenal,Man United,1,2023-01-22 16:30:00+00:00,2023,6,3901132
329,0,1,Fulham,Tottenham,0,2023-01-23 20:15:00+00:00,2023,0,3901135
330,0,0,Chelsea,Fulham,0,2023-02-03 20:00:00+00:00,2023,4,3901145
331,1,0,Everton,Arsenal,1,2023-02-04 12:30:00+00:00,2023,5,3901146
332,2,4,Aston Villa,Leicester,0,2023-02-04 15:00:00+00:00,2023,5,3901142
333,3,0,Brentford,Southampton,1,2023-02-04 15:00:00+00:00,2023,5,3901143
334,1,0,Brighton,Bournemouth,1,2023-02-04 15:00:00+00:00,2023,5,3901144
335,2,1,Man United,Crystal Palace,1,2023-02-04 15:00:00+00:00,2023,5,3901147
336,3,0,Wolves,Liverpool,1,2023-02-04 15:00:00+00:00,2023,5,3901151
337,1,1,Newcastle,West Ham,0,2023-02-04 17:30:00+00:00,2023,5,3901148
338,1,0,Nottm Forest,Leeds,1,2023-02-05 14:00:00+00:00,2023,6,3901149
339,1,0,Tottenham,Man City,1,2023-02-05 16:30:00+00:00,2023,6,3901150
340,2,2,Man United,Leeds,0,2023-02-08 20:00:00+00:00,2023,2,3901007
341,1,1,West Ham,Chelsea,0,2023-02-11 12:30:00+00:00,2023,5,3901161
342,1,1,Arsenal,Brentford,0,2023-02-11 15:00:00+00:00,2023,5,3901152
343,1,1,Crystal Palace,Brighton,0,2023-02-11 15:00:00+00:00,2023,5,3901154
344,2,0,Fulham,Nottm Forest,1,2023-02-11 15:00:00+00:00,2023,5,3901155
345,4,1,Leicester,Tottenham,1,2023-02-11 15:00:00+00:00,2023,5,3901157
346,1,2,Southampton,Wolves,0,2023-02-11 15:00:00+00:00,2023,5,3901160
347,1,1,Bournemouth,Newcastle,0,2023-02-11 17:30:00+00:00,2023,5,3901153
348,0,2,Leeds,Man United,0,2023-02-12 14:00:00+00:00,2023,6,3901156
349,3,1,Man City,Aston Villa,1,2023-02-12 16:30:00+00:00,2023,6,3901159
350,2,0,Liverpool,Everton,1,2023-02-13 20:00:00+00:00,2023,0,3901158
351,1,3,Arsenal,Man City,0,2023-02-15 19:30:00+00:00,2023,2,3901042
352,2,4,Aston Villa,Arsenal,0,2023-02-18 12:30:00+00:00,2023,5,3901162
353,1,1,Brentford,Crystal Palace,0,2023-02-18 15:00:00+00:00,2023,5,3901163
354,0,1,Brighton,Fulham,0,2023-02-18 15:00:00+00:00,2023,5,3901164
355,0,1,Chelsea,Southampton,0,2023-02-18 15:00:00+00:00,2023,5,3901165
356,1,0,Everton,Leeds,1,2023-02-18 15:00:00+00:00,2023,5,3901166
357,1,1,Nottm Forest,Man City,0,2023-02-18 15:00:00+00:00,2023,5,3901169
358,0,1,Wolves,Bournemouth,0,2023-02-18 15:00:00+00:00,2023,5,3901171
359,0,2,Newcastle,Liverpool,0,2023-02-18 17:30:00+00:00,2023,5,3901168
360,3,0,Man United,Leicester,1,2023-02-19 14:00:00+00:00,2023,6,3901167
361,2,0,Tottenham,West Ham,1,2023-02-19 16:30:00+00:00,2023,6,3901170
362,1,1,Fulham,Wolves,0,2023-02-24 20:00:00+00:00,2023,4,3901175
363,0,2,Everton,Aston Villa,0,2023-02-25 15:00:00+00:00,2023,5,3901174
364,1,0,Leeds,Southampton,1,2023-02-25 15:00:00+00:00,2023,5,3901176
365,0,1,Leicester,Arsenal,0,2023-02-25 15:00:00+00:00,2023,5,3901177
366,4,0,West Ham,Nottm Forest,1,2023-02-25 15:00:00+00:00,2023,5,3901181
367,1,4,Bournemouth,Man City,0,2023-02-25 17:30:00+00:00,2023,5,3901172
368,0,0,Crystal Palace,Liverpool,0,2023-02-25 19:45:00+00:00,2023,5,3901173
369,2,0,Tottenham,Chelsea,1,2023-02-26 13:30:00+00:00,2023,6,3901180
370,4,0,Arsenal,Everton,1,2023-03-01 19:45:00+00:00,2023,2,3900992
371,2,0,Liverpool,Wolves,1,2023-03-01 20:00:00+00:00,2023,2,3900998
372,2,0,Man City,Newcastle,1,2023-03-04 12:30:00+00:00,2023,5,3901188
373,3,2,Arsenal,Bournemouth,1,2023-03-04 15:00:00+00:00,2023,5,3901182
374,1,0,Aston Villa,Crystal Palace,1,2023-03-04 15:00:00+00:00,2023,5,3901183
375,4,0,Brighton,West Ham,1,2023-03-04 15:00:00+00:00,2023,5,3901185
376,1,0,Chelsea,Leeds,1,2023-03-04 15:00:00+00:00,2023,5,3901186
377,1,0,Wolves,Tottenham,1,2023-03-04 15:00:00+00:00,2023,5,3901191
378,1,0,Southampton,Leicester,1,2023-03-04 17:30:00+00:00,2023,5,3901190
379,2,2,Nottm Forest,Everton,0,2023-03-05 14:00:00+00:00,2023,6,3901189
380,7,0,Liverpool,Man United,1,2023-03-05 16:30:00+00:00,2023,6,3901187
381,3,2,Brentford,Fulham,1,2023-03-06 20:00:00+00:00,2023,0,3901184
382,1,0,Bournemouth,Liverpool,1,2023-03-11 12:30:00+00:00,2023,5,3901192
383,1,0,Everton,Brentford,1,2023-03-11 15:00:00+00:00,2023,5,3901194
384,2,2,Leeds,Brighton,0,2023-03-11 15:00:00+00:00,2023,5,3901196
385,1,3,Leicester,Chelsea,0,2023-03-11 15:00:00+00:00,2023,5,3901197
386,3,1,Tottenham,Nottm Forest,1,2023-03-11 15:00:00+00:00,2023,5,3901200
387,0,1,Crystal Palace,Man City,0,2023-03-11 17:30:00+00:00,2023,5,3901193
388,0,3,Fulham,Arsenal,0,2023-03-12 14:00:00+00:00,2023,6,3901195
389,0,0,Man United,Southampton,0,2023-03-12 14:00:00+00:00,2023,6,3901198
390,1,1,West Ham,Aston Villa,0,2023-03-12 14:00:00+00:00,2023,6,3901201
391,2,1,Newcastle,Wolves,1,2023-03-12 16:30:00+00:00,2023,6,3901199
392,1,0,Brighton,Crystal Palace,1,2023-03-15 19:30:00+00:00,2023,2,3901004
393,0,2,Southampton,Brentford,0,2023-03-15 19:30:00+00:00,2023,2,3901000
394,1,2,Nottm Forest,Newcastle,0,2023-03-17 20:00:00+00:00,2023,4,3901209
395,3,0,Aston Villa,Bournemouth,1,2023-03-18 15:00:00+00:00,2023,5,3901203
396,1,1,Brentford,Leicester,0,2023-03-18 15:00:00+00:00,2023,5,3901204
397,3,3,Southampton,Tottenham,0,2023-03-18 15:00:00+00:00,2023,5,3901210
398,2,4,Wolves,Leeds,0,2023-03-18 15:00:00+00:00,2023,5,3901211
399,2,2,Chelsea,Everton,0,2023-03-18 17:30:00+00:00,2023,5,3901206
400,4,1,Arsenal,Crystal Palace,1,2023-03-19 14:00:00+00:00,2023,6,3901202
401,4,1,Man City,Liverpool,1,2023-04-01 11:30:00+00:00,2023,5,3901218
402,2,1,Bournemouth,Fulham,1,2023-04-01 14:00:00+00:00,2023,5,3901213
403,4,1,Arsenal,Leeds,1,2023-04-01 14:00:00+00:00,2023,5,3901212
404,3,3,Brighton,Brentford,0,2023-04-01 14:00:00+00:00,2023,5,3901214
405,2,1,Crystal Palace,Leicester,1,2023-04-01 14:00:00+00:00,2023,5,3901216
406,1,1,Nottm Forest,Wolves,0,2023-04-01 14:00:00+00:00,2023,5,3901220
407,0,2,Chelsea,Aston Villa,0,2023-04-01 16:30:00+00:00,2023,5,3901215
408,1,0,West Ham,Southampton,1,2023-04-02 13:00:00+00:00,2023,6,3901221
409,2,0,Newcastle,Man United,1,2023-04-02 15:30:00+00:00,2023,6,3901219
410,1,1,Everton,Tottenham,0,2023-04-03 19:00:00+00:00,2023,0,3901217
411,0,2,Bournemouth,Brighton,0,2023-04-04 18:45:00+00:00,2023,1,3900993
412,2,1,Leeds,Nottm Forest,1,2023-04-04 18:45:00+00:00,2023,1,3900996
413,1,2,Leicester,Aston Villa,0,2023-04-04 18:45:00+00:00,2023,1,3900997
414,0,0,Chelsea,Liverpool,0,2023-04-04 19:00:00+00:00,2023,1,3901005
415,1,0,Man United,Brentford,1,2023-04-05 19:00:00+00:00,2023,2,3901178
416,1,5,West Ham,Newcastle,0,2023-04-05 19:00:00+00:00,2023,2,3901001
417,2,0,Man United,Everton,1,2023-04-08 11:30:00+00:00,2023,5,3901228
418,2,0,Aston Villa,Nottm Forest,1,2023-04-08 14:00:00+00:00,2023,5,3901222
419,1,2,Brentford,Newcastle,0,2023-04-08 14:00:00+00:00,2023,5,3901223
420,0,1,Fulham,West Ham,0,2023-04-08 14:00:00+00:00,2023,5,3901224
421,0,1,Leicester,Bournemouth,0,2023-04-08 14:00:00+00:00,2023,5,3901226
422,2,1,Tottenham,Brighton,1,2023-04-08 14:00:00+00:00,2023,5,3901230
423,1,0,Wolves,Chelsea,1,2023-04-08 14:00:00+00:00,2023,5,3901231
424,1,4,Southampton,Man City,0,2023-04-08 16:30:00+00:00,2023,5,3901229
425,1,5,Leeds,Crystal Palace,0,2023-04-09 13:00:00+00:00,2023,6,3901225
426,2,2,Liverpool,Arsenal,0,2023-04-09 15:30:00+00:00,2023,6,3901227
427,3,0,Aston Villa,Newcastle,1,2023-04-15 11:30:00+00:00,2023,5,3901232
428,1,2,Chelsea,Brighton,0,2023-04-15 14:00:00+00:00,2023,5,3901233
429,1,3,Everton,Fulham,0,2023-04-15 14:00:00+00:00,2023,5,3901234
430,0,2,Southampton,Crystal Palace,0,2023-04-15 14:00:00+00:00,2023,5,3901238
431,2,0,Wolves,Brentford,1,2023-04-15 14:00:00+00:00,2023,5,3901241
432,2,3,Tottenham,Bournemouth,0,2023-04-15 14:15:00+00:00,2023,5,3901239
433,3,1,Man City,Leicester,1,2023-04-15 16:30:00+00:00,2023,5,3901236
434,2,2,West Ham,Arsenal,0,2023-04-16 13:00:00+00:00,2023,6,3901240
435,0,2,Nottm Forest,Man United,0,2023-04-16 15:30:00+00:00,2023,6,3901237
436,1,6,Leeds,Liverpool,0,2023-04-17 19:00:00+00:00,2023,0,3901235
437,3,3,Arsenal,Southampton,0,2023-04-21 19:00:00+00:00,2023,4,3901242
438,2,1,Fulham,Leeds,1,2023-04-22 11:30:00+00:00,2023,5,3901247
439,1,1,Brentford,Aston Villa,0,2023-04-22 14:00:00+00:00,2023,5,3901244
440,0,0,Crystal Palace,Everton,0,2023-04-22 14:00:00+00:00,2023,5,3901246
441,2,1,Leicester,Wolves,1,2023-04-22 14:00:00+00:00,2023,5,3901248
442,3,2,Liverpool,Nottm Forest,1,2023-04-22 14:00:00+00:00,2023,5,3901249
443,0,4,Bournemouth,West Ham,0,2023-04-23 13:00:00+00:00,2023,6,3901243
444,6,1,Newcastle,Tottenham,1,2023-04-23 13:00:00+00:00,2023,6,3901251
445,2,0,Wolves,Crystal Palace,1,2023-04-25 18:30:00+00:00,2023,1,3901257
446,1,0,Aston Villa,Fulham,1,2023-04-25 18:45:00+00:00,2023,1,3901258
447,1,1,Leeds,Leicester,0,2023-04-25 19:00:00+00:00,2023,1,3901253
448,3,1,Nottm Forest,Brighton,1,2023-04-26 18:30:00+00:00,2023,2,3901254
449,0,2,Chelsea,Brentford,0,2023-04-26 18:45:00+00:00,2023,2,3901259
450,1,2,West Ham,Liverpool,0,2023-04-26 18:45:00+00:00,2023,2,3901256
451,4,1,Man City,Arsenal,1,2023-04-26 19:00:00+00:00,2023,2,3901261
452,1,4,Everton,Newcastle,0,2023-04-27 18:45:00+00:00,2023,3,3901252
453,0,1,Southampton,Bournemouth,0,2023-04-27 18:45:00+00:00,2023,3,3901260
454,2,2,Tottenham,Man United,0,2023-04-27 19:15:00+00:00,2023,3,3901255
455,4,3,Crystal Palace,West Ham,1,2023-04-29 11:45:00+00:00,2023,5,3901266
456,2,1,Brentford,Nottm Forest,1,2023-04-29 14:00:00+00:00,2023,5,3901264
457,6,0,Brighton,Wolves,1,2023-04-29 14:00:00+00:00,2023,5,3901265
458,4,1,Bournemouth,Leeds,1,2023-04-30 13:00:00+00:00,2023,6,3901263
459,1,2,Fulham,Man City,0,2023-04-30 13:00:00+00:00,2023,6,3901267
460,1,0,Man United,Aston Villa,1,2023-04-30 13:00:00+00:00,2023,6,3901270
461,3,1,Newcastle,Southampton,1,2023-04-30 13:00:00+00:00,2023,6,3901271
462,4,3,Liverpool,Tottenham,1,2023-04-30 15:30:00+00:00,2023,6,3901269
463,2,2,Leicester,Everton,0,2023-05-01 19:00:00+00:00,2023,0,3901268
464,3,1,Arsenal,Chelsea,1,2023-05-02 19:00:00+00:00,2023,1,3901262
465,1,0,Liverpool,Fulham,1,2023-05-03 19:00:00+00:00,2023,2,3901207
466,3,0,Man City,West Ham,1,2023-05-03 19:00:00+00:00,2023,2,3901208
467,1,0,Brighton,Man United,1,2023-05-04 19:00:00+00:00,2023,3,3901205
468,1,3,Bournemouth,Chelsea,0,2023-05-06 14:00:00+00:00,2023,5,3901272
469,2,1,Man City,Leeds,1,2023-05-06 14:00:00+00:00,2023,5,3901276
470,1,0,Tottenham,Crystal Palace,1,2023-05-06 14:00:00+00:00,2023,5,3901279
471,1,0,Wolves,Aston Villa,1,2023-05-06 14:00:00+00:00,2023,5,3901281
472,1,0,Liverpool,Brentford,1,2023-05-06 16:30:00+00:00,2023,5,3901275
473,0,2,Newcastle,Arsenal,0,2023-05-07 15:30:00+00:00,2023,6,3901277
474,1,0,West Ham,Man United,1,2023-05-07 18:00:00+00:00,2023,6,3901280
475,5,3,Fulham,Leicester,1,2023-05-08 14:00:00+00:00,2023,0,3901274
476,1,5,Brighton,Everton,0,2023-05-08 16:30:00+00:00,2023,0,3901273
477,4,3,Nottm Forest,Southampton,1,2023-05-08 19:00:00+00:00,2023,0,3901278
478,2,2,Leeds,Newcastle,0,2023-05-13 11:30:00+00:00,2023,5,3901288
479,2,1,Aston Villa,Tottenham,1,2023-05-13 14:00:00+00:00,2023,5,3901283
480,2,2,Chelsea,Nottm Forest,0,2023-05-13 14:00:00+00:00,2023,5,3901285
481,2,0,Crystal Palace,Bournemouth,1,2023-05-13 14:00:00+00:00,2023,5,3901286
482,2,0,Man United,Wolves,1,2023-05-13 14:00:00+00:00,2023,5,3901290
483,0,2,Southampton,Fulham,0,2023-05-13 14:00:00+00:00,2023,5,3901291
484,2,0,Brentford,West Ham,1,2023-05-14 13:00:00+00:00,2023,6,3901284
485,0,3,Everton,Man City,0,2023-05-14 13:00:00+00:00,2023,6,3901287
486,0,3,Arsenal,Brighton,0,2023-05-14 15:30:00+00:00,2023,6,3901282
487,0,3,Leicester,Liverpool,0,2023-05-15 19:00:00+00:00,2023,0,3901289
488,4,1,Newcastle,Brighton,1,2023-05-18 18:30:00+00:00,2023,3,3901179
489,1,3,Tottenham,Brentford,0,2023-05-20 11:30:00+00:00,2023,5,3901299
490,0,1,Bournemouth,Man United,0,2023-05-20 14:00:00+00:00,2023,5,3901292
491,2,2,Fulham,Crystal Palace,0,2023-05-20 14:00:00+00:00,2023,5,3901294
492,1,1,Liverpool,Aston Villa,0,2023-05-20 14:00:00+00:00,2023,5,3901295
493,1,1,Wolves,Everton,0,2023-05-20 14:00:00+00:00,2023,5,3901301
494,1,0,Nottm Forest,Arsenal,1,2023-05-20 16:30:00+00:00,2023,5,3901298
495,3,1,West Ham,Leeds,1,2023-05-21 12:30:00+00:00,2023,6,3901300
496,3,1,Brighton,Southampton,1,2023-05-21 13:00:00+00:00,2023,6,3901293
497,1,0,Man City,Chelsea,1,2023-05-21 15:00:00+00:00,2023,6,3901296
498,0,0,Newcastle,Leicester,0,2023-05-22 19:00:00+00:00,2023,0,3901297
499,1,1,Brighton,Man City,0,2023-05-24 19:00:00+00:00,2023,2,3901245
500,4,1,Man United,Chelsea,1,2023-05-25 19:00:00+00:00,2023,3,3901250
501,5,0,Arsenal,Wolves,1,2023-05-28 15:30:00+00:00,2023,6,3901302
502,2,1,Aston Villa,Brighton,1,2023-05-28 15:30:00+00:00,2023,6,3901303
503,1,0,Brentford,Man City,1,2023-05-28 15:30:00+00:00,2023,6,3901304
504,1,1,Chelsea,Newcastle,0,2023-05-28 15:30:00+00:00,2023,6,3901305
505,1,1,Crystal Palace,Nottm Forest,0,2023-05-28 15:30:00+00:00,2023,6,3901306
506,1,0,Everton,Bournemouth,1,2023-05-28 15:30:00+00:00,2023,6,3901307
507,1,4,Leeds,Tottenham,0,2023-05-28 15:30:00+00:00,2023,6,3901308
508,2,1,Leicester,West Ham,1,2023-05-28 15:30:00+00:00,2023,6,3901309
509,2,1,Man United,Fulham,1,2023-05-28 15:30:00+00:00,2023,6,3901310
510,4,4,Southampton,Liverpool,0,2023-05-28 15:30:00+00:00,2023,6,3901311
511,2,0,Brentford,Arsenal,1,2021-08-13 19:00:00+00:00,2021,4,3609929
512,5,1,Man United,Leeds,1,2021-08-14 11:30:00+00:00,2021,5,3609934
513,1,2,Burnley,Brighton,0,2021-08-14 14:00:00+00:00,2021,5,3609930
514,3,0,Chelsea,Crystal Palace,1,2021-08-14 14:00:00+00:00,2021,5,3609931
515,3,1,Everton,Southampton,1,2021-08-14 14:00:00+00:00,2021,5,3609932
516,1,0,Leicester,Wolves,1,2021-08-14 14:00:00+00:00,2021,5,3609933
517,3,2,Watford,Aston Villa,1,2021-08-14 14:00:00+00:00,2021,5,3609938
518,0,3,Norwich,Liverpool,0,2021-08-14 16:30:00+00:00,2021,5,3609936
519,2,4,Newcastle,West Ham,0,2021-08-15 13:00:00+00:00,2021,6,3609935
520,1,0,Tottenham,Man City,1,2021-08-15 15:30:00+00:00,2021,6,3609937
521,2,0,Liverpool,Burnley,1,2021-08-21 11:30:00+00:00,2021,5,3609944
522,2,0,Aston Villa,Newcastle,1,2021-08-21 14:00:00+00:00,2021,5,3609940
523,0,0,Crystal Palace,Brentford,0,2021-08-21 14:00:00+00:00,2021,5,3609942
524,2,2,Leeds,Everton,0,2021-08-21 14:00:00+00:00,2021,5,3609943
525,5,0,Man City,Norwich,1,2021-08-21 14:00:00+00:00,2021,5,3609945
526,2,0,Brighton,Watford,1,2021-08-21 16:30:00+00:00,2021,5,3609941
527,1,1,Southampton,Man United,0,2021-08-22 13:00:00+00:00,2021,6,3609946
528,0,1,Wolves,Tottenham,0,2021-08-22 13:00:00+00:00,2021,6,3609948
529,0,2,Arsenal,Chelsea,0,2021-08-22 15:30:00+00:00,2021,6,3609939
530,4,1,West Ham,Leicester,1,2021-08-23 19:00:00+00:00,2021,0,3609947
531,5,0,Man City,Arsenal,1,2021-08-28 11:30:00+00:00,2021,5,3609953
532,1,1,Aston Villa,Brentford,0,2021-08-28 14:00:00+00:00,2021,5,3609949
533,0,2,Brighton,Everton,0,2021-08-28 14:00:00+00:00,2021,5,3609950
534,2,2,Newcastle,Southampton,0,2021-08-28 14:00:00+00:00,2021,5,3609954
535,1,2,Norwich,Leicester,0,2021-08-28 14:00:00+00:00,2021,5,3609955
536,2,2,West Ham,Crystal Palace,0,2021-08-28 14:00:00+00:00,2021,5,3609957
537,1,1,Liverpool,Chelsea,0,2021-08-28 16:30:00+00:00,2021,5,3609952
538,1,1,Burnley,Leeds,0,2021-08-29 13:00:00+00:00,2021,6,3609951
539,1,0,Tottenham,Watford,1,2021-08-29 13:00:00+00:00,2021,6,3609956
540,0,1,Wolves,Man United,0,2021-08-29 15:30:00+00:00,2021,6,3609958
541,3,0,Crystal Palace,Tottenham,1,2021-09-11 11:30:00+00:00,2021,5,3609962
542,1,0,Arsenal,Norwich,1,2021-09-11 14:00:00+00:00,2021,5,3609959
543,0,1,Brentford,Brighton,0,2021-09-11 14:00:00+00:00,2021,5,3609960
544,0,1,Leicester,Man City,0,2021-09-11 14:00:00+00:00,2021,5,3609965
545,4,1,Man United,Newcastle,1,2021-09-11 14:00:00+00:00,2021,5,3609966
546,0,0,Southampton,West Ham,0,2021-09-11 14:00:00+00:00,2021,5,3609967
547,0,2,Watford,Wolves,0,2021-09-11 14:00:00+00:00,2021,5,3609968
548,3,0,Chelsea,Aston Villa,1,2021-09-11 16:30:00+00:00,2021,5,3609961
549,0,3,Leeds,Liverpool,0,2021-09-12 15:30:00+00:00,2021,6,3609964
550,3,1,Everton,Burnley,1,2021-09-13 19:00:00+00:00,2021,0,3609963
551,1,1,Newcastle,Leeds,0,2021-09-17 19:00:00+00:00,2021,4,3609974
552,0,2,Wolves,Brentford,0,2021-09-18 11:30:00+00:00,2021,5,3609978
553,0,1,Burnley,Arsenal,0,2021-09-18 14:00:00+00:00,2021,5,3609971
554,3,0,Liverpool,Crystal Palace,1,2021-09-18 14:00:00+00:00,2021,5,3609972
555,0,0,Man City,Southampton,0,2021-09-18 14:00:00+00:00,2021,5,3609973
556,1,3,Norwich,Watford,0,2021-09-18 14:00:00+00:00,2021,5,3609975
557,3,0,Aston Villa,Everton,1,2021-09-18 16:30:00+00:00,2021,5,3609969
558,2,1,Brighton,Leicester,1,2021-09-19 13:00:00+00:00,2021,6,3609970
559,1,2,West Ham,Man United,0,2021-09-19 13:00:00+00:00,2021,6,3609977
560,0,3,Tottenham,Chelsea,0,2021-09-19 15:30:00+00:00,2021,6,3609976
561,0,1,Chelsea,Man City,0,2021-09-25 11:30:00+00:00,2021,5,3609981
562,0,1,Man United,Aston Villa,0,2021-09-25 11:30:00+00:00,2021,5,3609986
563,2,0,Everton,Norwich,1,2021-09-25 14:00:00+00:00,2021,5,3609983
564,1,2,Leeds,West Ham,0,2021-09-25 14:00:00+00:00,2021,5,3609984
565,2,2,Leicester,Burnley,0,2021-09-25 14:00:00+00:00,2021,5,3609985
566,1,1,Watford,Newcastle,0,2021-09-25 14:00:00+00:00,2021,5,3609988
567,3,3,Brentford,Liverpool,0,2021-09-25 16:30:00+00:00,2021,5,3609980
568,0,1,Southampton,Wolves,0,2021-09-26 13:00:00+00:00,2021,6,3609987
569,3,1,Arsenal,Tottenham,1,2021-09-26 15:30:00+00:00,2021,6,3609979
570,1,1,Crystal Palace,Brighton,0,2021-09-27 19:00:00+00:00,2021,0,3609982
571,1,1,Man United,Everton,0,2021-10-02 11:30:00+00:00,2021,5,3609995
572,0,0,Burnley,Norwich,0,2021-10-02 14:00:00+00:00,2021,5,3609990
573,3,1,Chelsea,Southampton,1,2021-10-02 14:00:00+00:00,2021,5,3609991
574,1,0,Leeds,Watford,1,2021-10-02 14:00:00+00:00,2021,5,3609993
575,2,1,Wolves,Newcastle,1,2021-10-02 14:00:00+00:00,2021,5,3609998
576,0,0,Brighton,Arsenal,0,2021-10-02 16:30:00+00:00,2021,5,3609989
577,2,2,Crystal Palace,Leicester,0,2021-10-03 13:00:00+00:00,2021,6,3609992
578,2,1,Tottenham,Aston Villa,1,2021-10-03 13:00:00+00:00,2021,6,3609996
579,1,2,West Ham,Brentford,0,2021-10-03 13:00:00+00:00,2021,6,3609997
580,2,2,Liverpool,Man City,0,2021-10-03 15:30:00+00:00,2021,6,3609994
581,0,5,Watford,Liverpool,0,2021-10-16 11:30:00+00:00,2021,5,3610008
582,2,3,Aston Villa,Wolves,0,2021-10-16 14:00:00+00:00,2021,5,3610000
583,4,2,Leicester,Man United,1,2021-10-16 14:00:00+00:00,2021,5,3610003
584,2,0,Man City,Burnley,1,2021-10-16 14:00:00+00:00,2021,5,3610004
585,0,0,Norwich,Brighton,0,2021-10-16 14:00:00+00:00,2021,5,3610006
586,1,0,Southampton,Leeds,1,2021-10-16 14:00:00+00:00,2021,5,3610007
587,0,1,Brentford,Chelsea,0,2021-10-16 16:30:00+00:00,2021,5,3610001
588,0,1,Everton,West Ham,0,2021-10-17 13:00:00+00:00,2021,6,3610002
589,2,3,Newcastle,Tottenham,0,2021-10-17 15:30:00+00:00,2021,6,3610005
590,2,2,Arsenal,Crystal Palace,0,2021-10-18 19:00:00+00:00,2021,0,3609999
591,3,1,Arsenal,Aston Villa,1,2021-10-22 19:00:00+00:00,2021,4,3610009
592,7,0,Chelsea,Norwich,1,2021-10-23 11:30:00+00:00,2021,5,3610012
593,1,1,Crystal Palace,Newcastle,0,2021-10-23 14:00:00+00:00,2021,5,3610013
594,2,5,Everton,Watford,0,2021-10-23 14:00:00+00:00,2021,5,3610014
595,1,1,Leeds,Wolves,0,2021-10-23 14:00:00+00:00,2021,5,3610015
596,2,2,Southampton,Burnley,0,2021-10-23 14:00:00+00:00,2021,5,3610017
597,1,4,Brighton,Man City,0,2021-10-23 16:30:00+00:00,2021,5,3610011
598,1,2,Brentford,Leicester,0,2021-10-24 13:00:00+00:00,2021,6,3610010
599,1,0,West Ham,Tottenham,1,2021-10-24 13:00:00+00:00,2021,6,3610018
600,0,5,Man United,Liverpool,0,2021-10-24 15:30:00+00:00,2021,6,3610016
601,0,2,Leicester,Arsenal,0,2021-10-30 11:30:00+00:00,2021,5,3610021
602,3,1,Burnley,Brentford,1,2021-10-30 14:00:00+00:00,2021,5,3610020
603,2,2,Liverpool,Brighton,0,2021-10-30 14:00:00+00:00,2021,5,3610022
604,0,2,Man City,Crystal Palace,0,2021-10-30 14:00:00+00:00,2021,5,3610023
605,0,3,Newcastle,Chelsea,0,2021-10-30 14:00:00+00:00,2021,5,3610024
606,0,1,Watford,Southampton,0,2021-10-30 14:00:00+00:00,2021,5,3610027
607,0,3,Tottenham,Man United,0,2021-10-30 16:30:00+00:00,2021,5,3610026
608,1,2,Norwich,Leeds,0,2021-10-31 14:00:00+00:00,2021,6,3610025
609,1,4,Aston Villa,West Ham,0,2021-10-31 16:30:00+00:00,2021,6,3610019
610,2,1,Wolves,Everton,1,2021-11-01 20:00:00+00:00,2021,0,3610028
611,1,0,Southampton,Aston Villa,1,2021-11-05 20:00:00+00:00,2021,4,3610037
612,0,2,Man United,Man City,0,2021-11-06 12:30:00+00:00,2021,5,3610036
613,1,2,Brentford,Norwich,0,2021-11-06 15:00:00+00:00,2021,5,3610030
614,1,1,Chelsea,Burnley,0,2021-11-06 15:00:00+00:00,2021,5,3610032
615,2,0,Crystal Palace,Wolves,1,2021-11-06 15:00:00+00:00,2021,5,3610033
616,1,1,Brighton,Newcastle,0,2021-11-06 17:30:00+00:00,2021,5,3610031
617,1,0,Arsenal,Watford,1,2021-11-07 14:00:00+00:00,2021,6,3610029
618,0,0,Everton,Tottenham,0,2021-11-07 14:00:00+00:00,2021,6,3610034
619,1,1,Leeds,Leicester,0,2021-11-07 14:00:00+00:00,2021,6,3610035
620,3,2,West Ham,Liverpool,1,2021-11-07 16:30:00+00:00,2021,6,3610038
621,0,3,Leicester,Chelsea,0,2021-11-20 12:30:00+00:00,2021,5,3610041
622,2,0,Aston Villa,Brighton,1,2021-11-20 15:00:00+00:00,2021,5,3610039
623,3,3,Burnley,Crystal Palace,0,2021-11-20 15:00:00+00:00,2021,5,3610040
624,3,3,Newcastle,Brentford,0,2021-11-20 15:00:00+00:00,2021,5,3610044
625,2,1,Norwich,Southampton,1,2021-11-20 15:00:00+00:00,2021,5,3610045
626,4,1,Watford,Man United,1,2021-11-20 15:00:00+00:00,2021,5,3610047
627,1,0,Wolves,West Ham,1,2021-11-20 15:00:00+00:00,2021,5,3610048
628,4,0,Liverpool,Arsenal,1,2021-11-20 17:30:00+00:00,2021,5,3610042
629,3,0,Man City,Everton,1,2021-11-21 14:00:00+00:00,2021,6,3610043
630,2,1,Tottenham,Leeds,1,2021-11-21 16:30:00+00:00,2021,6,3610046
631,2,0,Arsenal,Newcastle,1,2021-11-27 12:30:00+00:00,2021,5,3610049
632,1,2,Crystal Palace,Aston Villa,0,2021-11-27 15:00:00+00:00,2021,5,3610054
633,4,0,Liverpool,Southampton,1,2021-11-27 15:00:00+00:00,2021,5,3610056
634,0,0,Norwich,Wolves,0,2021-11-27 15:00:00+00:00,2021,5,3610058
635,0,0,Brighton,Leeds,0,2021-11-27 17:30:00+00:00,2021,5,3610051
636,1,0,Brentford,Everton,1,2021-11-28 14:00:00+00:00,2021,6,3610050
637,4,2,Leicester,Watford,1,2021-11-28 14:00:00+00:00,2021,6,3610055
638,2,1,Man City,West Ham,1,2021-11-28 14:00:00+00:00,2021,6,3610057
639,1,1,Chelsea,Man United,0,2021-11-28 16:30:00+00:00,2021,6,3610053
640,1,1,Newcastle,Norwich,0,2021-11-30 19:30:00+00:00,2021,1,3610066
641,1,0,Leeds,Crystal Palace,1,2021-11-30 20:15:00+00:00,2021,1,3610061
642,2,2,Southampton,Leicester,0,2021-12-01 19:30:00+00:00,2021,2,3610067
643,1,2,Watford,Chelsea,0,2021-12-01 19:30:00+00:00,2021,2,3610062
644,1,1,West Ham,Brighton,0,2021-12-01 19:30:00+00:00,2021,2,3610063
645,0,0,Wolves,Burnley,0,2021-12-01 19:30:00+00:00,2021,2,3610064
646,1,2,Aston Villa,Man City,0,2021-12-01 20:15:00+00:00,2021,2,3610059
647,1,4,Everton,Liverpool,0,2021-12-01 20:15:00+00:00,2021,2,3610060
648,2,0,Tottenham,Brentford,1,2021-12-02 19:30:00+00:00,2021,3,3610068
649,3,2,Man United,Arsenal,1,2021-12-02 20:15:00+00:00,2021,3,3610065
650,3,2,West Ham,Chelsea,1,2021-12-04 12:30:00+00:00,2021,5,3610077
651,1,0,Newcastle,Burnley,1,2021-12-04 15:00:00+00:00,2021,5,3610073
652,1,1,Southampton,Brighton,0,2021-12-04 15:00:00+00:00,2021,5,3610074
653,0,1,Wolves,Liverpool,0,2021-12-04 15:00:00+00:00,2021,5,3610078
654,1,3,Watford,Man City,0,2021-12-04 17:30:00+00:00,2021,5,3610076
655,2,2,Leeds,Brentford,0,2021-12-05 14:00:00+00:00,2021,6,3610071
656,1,0,Man United,Crystal Palace,1,2021-12-05 14:00:00+00:00,2021,6,3610072
657,3,0,Tottenham,Norwich,1,2021-12-05 14:00:00+00:00,2021,6,3610075
658,2,1,Aston Villa,Leicester,1,2021-12-05 16:30:00+00:00,2021,6,3610069
659,2,1,Everton,Arsenal,1,2021-12-06 20:00:00+00:00,2021,0,3610070
660,2,1,Brentford,Watford,1,2021-12-10 20:00:00+00:00,2021,4,3610081
661,1,0,Man City,Wolves,1,2021-12-11 12:30:00+00:00,2021,5,3610088
662,3,0,Arsenal,Southampton,1,2021-12-11 15:00:00+00:00,2021,5,3610080
663,3,2,Chelsea,Leeds,1,2021-12-11 15:00:00+00:00,2021,5,3610084
664,1,0,Liverpool,Aston Villa,1,2021-12-11 15:00:00+00:00,2021,5,3610087
665,0,1,Norwich,Man United,0,2021-12-11 17:30:00+00:00,2021,5,3610089
666,0,0,Burnley,West Ham,0,2021-12-12 14:00:00+00:00,2021,6,3610083
667,4,0,Leicester,Newcastle,1,2021-12-12 14:00:00+00:00,2021,6,3610086
668,3,1,Crystal Palace,Everton,1,2021-12-12 16:30:00+00:00,2021,6,3610085
669,0,2,Norwich,Aston Villa,0,2021-12-14 19:45:00+00:00,2021,1,3610095
670,7,0,Man City,Leeds,1,2021-12-14 20:00:00+00:00,2021,1,3610099
671,0,1,Brighton,Wolves,0,2021-12-15 19:30:00+00:00,2021,2,3610092
672,2,2,Crystal Palace,Southampton,0,2021-12-15 19:30:00+00:00,2021,2,3610096
673,2,0,Arsenal,West Ham,1,2021-12-15 20:00:00+00:00,2021,2,3610090
674,1,1,Chelsea,Everton,0,2021-12-16 19:45:00+00:00,2021,3,3610097
675,3,1,Liverpool,Newcastle,1,2021-12-16 20:00:00+00:00,2021,3,3610098
676,1,4,Leeds,Arsenal,0,2021-12-18 17:30:00+00:00,2021,5,3610102
677,0,4,Newcastle,Man City,0,2021-12-19 14:00:00+00:00,2021,6,3610104
678,0,0,Wolves,Chelsea,0,2021-12-19 14:00:00+00:00,2021,6,3610109
679,2,2,Tottenham,Liverpool,0,2021-12-19 16:30:00+00:00,2021,6,3610106
680,6,3,Man City,Leicester,1,2021-12-26 15:00:00+00:00,2021,6,3610114
681,0,5,Norwich,Arsenal,0,2021-12-26 15:00:00+00:00,2021,6,3610116
682,3,0,Tottenham,Crystal Palace,1,2021-12-26 15:00:00+00:00,2021,6,3610117
683,2,3,West Ham,Southampton,0,2021-12-26 15:00:00+00:00,2021,6,3610118
684,1,3,Aston Villa,Chelsea,0,2021-12-26 17:30:00+00:00,2021,6,3610110
685,2,0,Brighton,Brentford,1,2021-12-26 20:00:00+00:00,2021,6,3610111
686,1,1,Newcastle,Man United,0,2021-12-27 20:00:00+00:00,2021,0,3610115
687,3,0,Crystal Palace,Norwich,1,2021-12-28 15:00:00+00:00,2021,1,3610124
688,1,1,Southampton,Tottenham,0,2021-12-28 15:00:00+00:00,2021,1,3610129
689,1,4,Watford,West Ham,0,2021-12-28 15:00:00+00:00,2021,1,3610123
690,1,0,Leicester,Liverpool,1,2021-12-28 20:00:00+00:00,2021,1,3610127
691,1,1,Chelsea,Brighton,0,2021-12-29 19:30:00+00:00,2021,2,3610122
692,0,1,Brentford,Man City,0,2021-12-29 20:15:00+00:00,2021,2,3610121
693,3,1,Man United,Burnley,1,2021-12-30 20:15:00+00:00,2021,3,3610128
694,1,2,Arsenal,Man City,0,2022-01-01 12:30:00+00:00,2022,5,3610130
695,0,1,Watford,Tottenham,0,2022-01-01 15:00:00+00:00,2022,5,3610139
696,2,3,Crystal Palace,West Ham,0,2022-01-01 17:30:00+00:00,2022,5,3610133
697,2,1,Brentford,Aston Villa,1,2022-01-02 14:00:00+00:00,2022,6,3610131
698,2,3,Everton,Brighton,0,2022-01-02 14:00:00+00:00,2022,6,3610134
699,3,1,Leeds,Burnley,1,2022-01-02 14:00:00+00:00,2022,6,3610135
700,2,2,Chelsea,Liverpool,0,2022-01-02 16:30:00+00:00,2022,6,3610132
701,0,1,Man United,Wolves,0,2022-01-03 17:30:00+00:00,2022,0,3610137
702,4,1,Southampton,Brentford,1,2022-01-11 19:45:00+00:00,2022,1,3610105
703,2,0,West Ham,Norwich,1,2022-01-12 19:45:00+00:00,2022,2,3610108
704,1,1,Brighton,Crystal Palace,0,2022-01-14 20:00:00+00:00,2022,4,3610141
705,1,0,Man City,Chelsea,1,2022-01-15 12:30:00+00:00,2022,5,3610144
706,1,1,Newcastle,Watford,0,2022-01-15 15:00:00+00:00,2022,5,3610145
707,2,1,Norwich,Everton,1,2022-01-15 15:00:00+00:00,2022,5,3610146
708,3,1,Wolves,Southampton,1,2022-01-15 15:00:00+00:00,2022,5,3610149
709,2,2,Aston Villa,Man United,0,2022-01-15 17:30:00+00:00,2022,5,3610140
710,3,0,Liverpool,Brentford,1,2022-01-16 14:00:00+00:00,2022,6,3610143
711,2,3,West Ham,Leeds,0,2022-01-16 14:00:00+00:00,2022,6,3610148
712,1,1,Brighton,Chelsea,0,2022-01-18 20:00:00+00:00,2022,1,3610161
713,2,3,Leicester,Tottenham,0,2022-01-19 19:30:00+00:00,2022,2,3610094
714,1,3,Brentford,Man United,0,2022-01-19 20:00:00+00:00,2022,2,3610091
715,0,3,Watford,Norwich,0,2022-01-21 20:00:00+00:00,2022,4,3610159
716,0,1,Everton,Aston Villa,0,2022-01-22 12:30:00+00:00,2022,5,3610154
717,1,2,Brentford,Wolves,0,2022-01-22 15:00:00+00:00,2022,5,3610151
718,0,1,Leeds,Newcastle,0,2022-01-22 15:00:00+00:00,2022,5,3610155
719,1,0,Man United,West Ham,1,2022-01-22 15:00:00+00:00,2022,5,3610157
720,1,1,Southampton,Man City,0,2022-01-22 17:30:00+00:00,2022,5,3610158
721,0,0,Arsenal,Burnley,0,2022-01-23 14:00:00+00:00,2022,6,3610150
722,1,3,Crystal Palace,Liverpool,0,2022-01-23 14:00:00+00:00,2022,6,3610153
723,1,1,Leicester,Brighton,0,2022-01-23 14:00:00+00:00,2022,6,3610156
724,2,0,Chelsea,Tottenham,1,2022-01-23 16:30:00+00:00,2022,6,3610152
725,0,0,Burnley,Watford,0,2022-02-05 18:00:00+00:00,2022,5,3610093
726,3,1,Newcastle,Everton,1,2022-02-08 19:45:00+00:00,2022,1,3610166
727,1,0,West Ham,Watford,1,2022-02-08 19:45:00+00:00,2022,1,3610164
728,1,1,Burnley,Man United,0,2022-02-08 20:00:00+00:00,2022,1,3610162
729,2,0,Man City,Brentford,1,2022-02-09 19:45:00+00:00,2022,2,3610169
730,1,1,Norwich,Crystal Palace,0,2022-02-09 19:45:00+00:00,2022,2,3610163
731,2,3,Tottenham,Southampton,0,2022-02-09 19:45:00+00:00,2022,2,3610167
732,3,3,Aston Villa,Leeds,0,2022-02-09 20:00:00+00:00,2022,2,3610160
733,2,0,Liverpool,Leicester,1,2022-02-10 19:45:00+00:00,2022,3,3610168
734,0,1,Wolves,Arsenal,0,2022-02-10 19:45:00+00:00,2022,3,3610165
735,1,1,Man United,Southampton,0,2022-02-12 12:30:00+00:00,2022,5,3610175
736,0,0,Brentford,Crystal Palace,0,2022-02-12 15:00:00+00:00,2022,5,3610170
737,3,0,Everton,Leeds,1,2022-02-12 15:00:00+00:00,2022,5,3610173
738,0,2,Watford,Brighton,0,2022-02-12 15:00:00+00:00,2022,5,3610179
739,0,4,Norwich,Man City,0,2022-02-12 17:30:00+00:00,2022,5,3610177
740,0,1,Burnley,Liverpool,0,2022-02-13 14:00:00+00:00,2022,6,3610171
741,1,0,Newcastle,Aston Villa,1,2022-02-13 14:00:00+00:00,2022,6,3610176
742,0,2,Tottenham,Wolves,0,2022-02-13 14:00:00+00:00,2022,6,3610178
743,2,2,Leicester,West Ham,0,2022-02-13 16:30:00+00:00,2022,6,3610174
744,2,0,Man United,Brighton,1,2022-02-15 20:15:00+00:00,2022,1,3610103
745,1,1,West Ham,Newcastle,0,2022-02-19 12:30:00+00:00,2022,5,3610188
746,2,1,Arsenal,Brentford,1,2022-02-19 15:00:00+00:00,2022,5,3610180
747,0,1,Aston Villa,Watford,0,2022-02-19 15:00:00+00:00,2022,5,3610181
748,0,3,Brighton,Burnley,0,2022-02-19 15:00:00+00:00,2022,5,3610182
749,0,1,Crystal Palace,Chelsea,0,2022-02-19 15:00:00+00:00,2022,5,3610183
750,3,1,Liverpool,Norwich,1,2022-02-19 15:00:00+00:00,2022,5,3610185
751,2,0,Southampton,Everton,1,2022-02-19 15:00:00+00:00,2022,5,3610187
752,2,3,Man City,Tottenham,0,2022-02-19 17:30:00+00:00,2022,5,3610186
753,2,4,Leeds,Man United,0,2022-02-20 14:00:00+00:00,2022,6,3610184
754,2,1,Wolves,Leicester,1,2022-02-20 16:30:00+00:00,2022,6,3610189
755,1,0,Burnley,Tottenham,1,2022-02-23 19:30:00+00:00,2022,2,3610052
756,1,4,Watford,Crystal Palace,0,2022-02-23 19:30:00+00:00,2022,2,3610107
757,6,0,Liverpool,Leeds,1,2022-02-23 19:45:00+00:00,2022,2,3610113
758,2,1,Arsenal,Wolves,1,2022-02-24 19:45:00+00:00,2022,3,3610120
759,2,0,Southampton,Norwich,1,2022-02-25 20:00:00+00:00,2022,4,3610198
760,0,4,Leeds,Tottenham,0,2022-02-26 12:30:00+00:00,2022,5,3610196
761,0,2,Brentford,Newcastle,0,2022-02-26 15:00:00+00:00,2022,5,3610191
762,1,1,Crystal Palace,Burnley,0,2022-02-26 15:00:00+00:00,2022,5,3610194
763,0,0,Man United,Watford,0,2022-02-26 15:00:00+00:00,2022,5,3610197
764,0,2,Brighton,Aston Villa,0,2022-02-26 15:30:00+00:00,2022,5,3610192
765,0,1,Everton,Man City,0,2022-02-26 17:30:00+00:00,2022,5,3610195
766,1,0,West Ham,Wolves,1,2022-02-27 14:00:00+00:00,2022,6,3610199
767,0,2,Burnley,Leicester,0,2022-03-01 19:45:00+00:00,2022,1,3610142
768,1,0,Leicester,Leeds,1,2022-03-05 12:30:00+00:00,2022,5,3610202
769,4,0,Aston Villa,Southampton,1,2022-03-05 15:00:00+00:00,2022,5,3610200
770,0,4,Burnley,Chelsea,0,2022-03-05 15:00:00+00:00,2022,5,3610201
771,2,1,Newcastle,Brighton,1,2022-03-05 15:00:00+00:00,2022,5,3610205
772,1,3,Norwich,Brentford,0,2022-03-05 15:00:00+00:00,2022,5,3610206
773,0,2,Wolves,Crystal Palace,0,2022-03-05 15:00:00+00:00,2022,5,3610209
774,1,0,Liverpool,West Ham,1,2022-03-05 17:30:00+00:00,2022,5,3610203
775,2,3,Watford,Arsenal,0,2022-03-06 14:00:00+00:00,2022,6,3610208
776,4,1,Man City,Man United,1,2022-03-06 16:30:00+00:00,2022,6,3610204
777,5,0,Tottenham,Everton,1,2022-03-07 20:00:00+00:00,2022,0,3610207
778,1,3,Norwich,Chelsea,0,2022-03-10 19:30:00+00:00,2022,3,3610226
779,1,2,Southampton,Newcastle,0,2022-03-10 19:30:00+00:00,2022,3,3610138
780,4,0,Wolves,Watford,1,2022-03-10 19:30:00+00:00,2022,3,3610119
781,0,3,Leeds,Aston Villa,0,2022-03-10 19:45:00+00:00,2022,3,3610126
782,0,2,Brighton,Liverpool,0,2022-03-12 12:30:00+00:00,2022,5,3610212
783,2,0,Brentford,Burnley,1,2022-03-12 15:00:00+00:00,2022,5,3610211
784,3,2,Man United,Tottenham,1,2022-03-12 17:30:00+00:00,2022,5,3610217
785,1,0,Chelsea,Newcastle,1,2022-03-13 14:00:00+00:00,2022,6,3610213
786,0,1,Everton,Wolves,0,2022-03-13 14:00:00+00:00,2022,6,3610215
787,2,1,Leeds,Norwich,1,2022-03-13 14:00:00+00:00,2022,6,3610216
788,1,2,Southampton,Watford,0,2022-03-13 14:00:00+00:00,2022,6,3610218
789,2,1,West Ham,Aston Villa,1,2022-03-13 14:00:00+00:00,2022,6,3610219
790,2,0,Arsenal,Leicester,1,2022-03-13 16:30:00+00:00,2022,6,3610210
791,0,0,Crystal Palace,Man City,0,2022-03-14 20:00:00+00:00,2022,0,3610214
792,0,2,Brighton,Tottenham,0,2022-03-16 19:30:00+00:00,2022,2,3610082
793,0,2,Arsenal,Liverpool,0,2022-03-16 20:15:00+00:00,2022,2,3610190
794,1,0,Everton,Newcastle,1,2022-03-17 19:45:00+00:00,2022,3,3610125
795,2,3,Wolves,Leeds,0,2022-03-18 20:00:00+00:00,2022,4,3610229
796,0,1,Aston Villa,Arsenal,0,2022-03-19 12:30:00+00:00,2022,5,3610220
797,2,1,Leicester,Brentford,1,2022-03-20 14:00:00+00:00,2022,6,3610222
798,3,1,Tottenham,West Ham,1,2022-03-20 16:30:00+00:00,2022,6,3610227
799,2,0,Liverpool,Watford,1,2022-04-02 11:30:00+00:00,2022,5,3610234
800,0,0,Brighton,Norwich,0,2022-04-02 14:00:00+00:00,2022,5,3610239
801,0,2,Burnley,Man City,0,2022-04-02 14:00:00+00:00,2022,5,3610238
802,1,4,Chelsea,Brentford,0,2022-04-02 14:00:00+00:00,2022,5,3610237
803,1,1,Leeds,Southampton,0,2022-04-02 14:00:00+00:00,2022,5,3610235
804,2,1,Wolves,Aston Villa,1,2022-04-02 14:00:00+00:00,2022,5,3610230
805,1,1,Man United,Leicester,0,2022-04-02 16:30:00+00:00,2022,5,3610233
806,2,1,West Ham,Everton,1,2022-04-03 13:00:00+00:00,2022,6,3610231
807,5,1,Tottenham,Newcastle,1,2022-04-03 15:30:00+00:00,2022,6,3610232
808,3,0,Crystal Palace,Arsenal,1,2022-04-04 19:00:00+00:00,2022,0,3610236
809,3,2,Burnley,Everton,1,2022-04-06 18:30:00+00:00,2022,2,3610112
810,1,0,Newcastle,Wolves,1,2022-04-08 19:00:00+00:00,2022,4,3610243
811,1,0,Everton,Man United,1,2022-04-09 11:30:00+00:00,2022,5,3610246
812,1,2,Arsenal,Brighton,0,2022-04-09 14:00:00+00:00,2022,5,3610249
813,0,6,Southampton,Chelsea,0,2022-04-09 14:00:00+00:00,2022,5,3610241
814,0,3,Watford,Leeds,0,2022-04-09 14:00:00+00:00,2022,5,3610240
815,0,4,Aston Villa,Tottenham,0,2022-04-09 16:30:00+00:00,2022,5,3610248
816,2,0,Brentford,West Ham,1,2022-04-10 13:00:00+00:00,2022,6,3610247
817,2,1,Leicester,Crystal Palace,1,2022-04-10 13:00:00+00:00,2022,6,3610245
818,2,0,Norwich,Burnley,1,2022-04-10 13:00:00+00:00,2022,6,3610242
819,2,2,Man City,Liverpool,0,2022-04-10 15:30:00+00:00,2022,6,3610244
820,0,1,Tottenham,Brighton,0,2022-04-16 11:30:00+00:00,2022,5,3610253
821,3,2,Man United,Norwich,1,2022-04-16 14:00:00+00:00,2022,5,3610256
822,1,0,Southampton,Arsenal,1,2022-04-16 14:00:00+00:00,2022,5,3610254
823,1,2,Watford,Brentford,0,2022-04-16 14:00:00+00:00,2022,5,3610252
824,2,1,Newcastle,Leicester,1,2022-04-17 13:15:00+00:00,2022,6,3610255
825,1,1,West Ham,Burnley,0,2022-04-17 13:15:00+00:00,2022,6,3610251
826,4,0,Liverpool,Man United,1,2022-04-19 19:00:00+00:00,2022,1,3610223
827,2,4,Chelsea,Arsenal,0,2022-04-20 18:45:00+00:00,2022,2,3610172
828,1,1,Everton,Leicester,0,2022-04-20 18:45:00+00:00,2022,2,3610101
829,1,0,Newcastle,Crystal Palace,1,2022-04-20 18:45:00+00:00,2022,2,3610225
830,3,0,Man City,Brighton,1,2022-04-20 19:00:00+00:00,2022,2,3610224
831,2,0,Burnley,Southampton,1,2022-04-21 18:45:00+00:00,2022,3,3610221
832,3,1,Arsenal,Man United,1,2022-04-23 11:30:00+00:00,2022,5,3610269
833,0,0,Leicester,Aston Villa,0,2022-04-23 14:00:00+00:00,2022,5,3610263
834,5,1,Man City,Watford,1,2022-04-23 14:00:00+00:00,2022,5,3610261
835,0,3,Norwich,Newcastle,0,2022-04-23 14:00:00+00:00,2022,5,3610260
836,0,0,Brentford,Tottenham,0,2022-04-23 16:30:00+00:00,2022,5,3610268
837,2,2,Brighton,Southampton,0,2022-04-24 13:00:00+00:00,2022,6,3610267
838,1,0,Burnley,Wolves,1,2022-04-24 13:00:00+00:00,2022,6,3610266
839,1,0,Chelsea,West Ham,1,2022-04-24 13:00:00+00:00,2022,6,3610265
840,2,0,Liverpool,Everton,1,2022-04-24 15:30:00+00:00,2022,6,3610262
841,0,0,Crystal Palace,Leeds,0,2022-04-25 19:00:00+00:00,2022,0,3610264
842,1,1,Man United,Chelsea,0,2022-04-28 18:45:00+00:00,2022,3,3610296
843,0,1,Newcastle,Liverpool,0,2022-04-30 11:30:00+00:00,2022,5,3610275
844,2,0,Aston Villa,Norwich,1,2022-04-30 14:00:00+00:00,2022,5,3610279
845,1,2,Southampton,Crystal Palace,0,2022-04-30 14:00:00+00:00,2022,5,3610274
846,1,2,Watford,Burnley,0,2022-04-30 14:00:00+00:00,2022,5,3610272
847,0,3,Wolves,Brighton,0,2022-04-30 14:00:00+00:00,2022,5,3610270
848,0,4,Leeds,Man City,0,2022-04-30 16:30:00+00:00,2022,5,3610277
849,1,0,Everton,Chelsea,1,2022-05-01 13:00:00+00:00,2022,6,3610278
850,3,1,Tottenham,Leicester,1,2022-05-01 13:00:00+00:00,2022,6,3610273
851,1,2,West Ham,Arsenal,0,2022-05-01 15:30:00+00:00,2022,6,3610271
852,3,0,Man United,Brentford,1,2022-05-02 19:00:00+00:00,2022,0,3610276
853,3,0,Brentford,Southampton,1,2022-05-07 14:00:00+00:00,2022,5,3610288
854,1,3,Burnley,Aston Villa,0,2022-05-07 14:00:00+00:00,2022,5,3610286
855,2,2,Chelsea,Wolves,0,2022-05-07 14:00:00+00:00,2022,5,3610285
856,1,0,Crystal Palace,Watford,1,2022-05-07 14:00:00+00:00,2022,5,3610284
857,4,0,Brighton,Man United,1,2022-05-07 16:30:00+00:00,2022,5,3610287
858,1,1,Liverpool,Tottenham,0,2022-05-07 18:45:00+00:00,2022,5,3610282
859,2,1,Arsenal,Leeds,1,2022-05-08 13:00:00+00:00,2022,6,3610289
860,1,2,Leicester,Everton,0,2022-05-08 13:00:00+00:00,2022,6,3610283
861,0,4,Norwich,West Ham,0,2022-05-08 13:00:00+00:00,2022,6,3610280
862,5,0,Man City,Newcastle,1,2022-05-08 15:30:00+00:00,2022,6,3610281
863,1,2,Aston Villa,Liverpool,0,2022-05-10 19:00:00+00:00,2022,1,3610259
864,0,3,Leeds,Chelsea,0,2022-05-11 18:30:00+00:00,2022,2,3610257
865,3,0,Leicester,Norwich,1,2022-05-11 18:45:00+00:00,2022,2,3610136
866,0,0,Watford,Everton,0,2022-05-11 18:45:00+00:00,2022,2,3610228
867,1,5,Wolves,Man City,0,2022-05-11 19:15:00+00:00,2022,2,3610250
868,3,0,Tottenham,Arsenal,1,2022-05-12 18:45:00+00:00,2022,3,3610147
869,1,0,Tottenham,Burnley,1,2022-05-15 11:00:00+00:00,2022,6,3610293
870,1,1,Aston Villa,Crystal Palace,0,2022-05-15 13:00:00+00:00,2022,6,3610299
871,1,1,Leeds,Brighton,0,2022-05-15 13:00:00+00:00,2022,6,3610297
872,1,5,Watford,Leicester,0,2022-05-15 13:00:00+00:00,2022,6,3610292
873,2,2,West Ham,Man City,0,2022-05-15 13:00:00+00:00,2022,6,3610291
874,1,1,Wolves,Norwich,0,2022-05-15 13:00:00+00:00,2022,6,3610290
875,2,3,Everton,Brentford,0,2022-05-15 15:30:00+00:00,2022,6,3610298
876,2,0,Newcastle,Arsenal,1,2022-05-16 19:00:00+00:00,2022,0,3610295
877,1,2,Southampton,Liverpool,0,2022-05-17 18:45:00+00:00,2022,1,3610294
878,3,2,Everton,Crystal Palace,1,2022-05-19 18:45:00+00:00,2022,3,3610258
879,1,1,Aston Villa,Burnley,0,2022-05-19 19:00:00+00:00,2022,3,3610100
880,1,1,Chelsea,Leicester,0,2022-05-19 19:00:00+00:00,2022,3,3610193
881,5,1,Arsenal,Everton,1,2022-05-22 15:00:00+00:00,2022,6,3610300
882,1,2,Brentford,Leeds,0,2022-05-22 15:00:00+00:00,2022,6,3610301
883,3,1,Brighton,West Ham,1,2022-05-22 15:00:00+00:00,2022,6,3610302
884,1,2,Burnley,Newcastle,0,2022-05-22 15:00:00+00:00,2022,6,3610303
885,2,1,Chelsea,Watford,1,2022-05-22 15:00:00+00:00,2022,6,3610304
886,1,0,Crystal Palace,Man United,1,2022-05-22 15:00:00+00:00,2022,6,3610305
887,4,1,Leicester,Southampton,1,2022-05-22 15:00:00+00:00,2022,6,3610306
888,3,1,Liverpool,Wolves,1,2022-05-22 15:00:00+00:00,2022,6,3610307
889,3,2,Man City,Aston Villa,1,2022-05-22 15:00:00+00:00,2022,6,3610308
890,0,5,Norwich,Tottenham,0,2022-05-22 15:00:00+00:00,2022,6,3610309
891,0,3,Fulham,Arsenal,0,2020-09-12 11:30:00+00:00,2020,5,3411352
892,1,0,Crystal Palace,Southampton,1,2020-09-12 14:00:00+00:00,2020,5,3411351
893,4,3,Liverpool,Leeds,1,2020-09-12 16:30:00+00:00,2020,5,3411353
894,0,2,West Ham,Newcastle,0,2020-09-12 19:00:00+00:00,2020,5,3411356
895,0,3,West Brom,Leicester,0,2020-09-13 13:00:00+00:00,2020,6,3411355
896,0,1,Tottenham,Everton,0,2020-09-13 15:30:00+00:00,2020,6,3411354
897,0,2,Sheff Utd,Wolves,0,2020-09-14 17:00:00+00:00,2020,0,3411358
898,1,3,Brighton,Chelsea,0,2020-09-14 19:15:00+00:00,2020,0,3411357
899,5,2,Everton,West Brom,1,2020-09-19 11:30:00+00:00,2020,5,3411362
900,4,3,Leeds,Fulham,1,2020-09-19 14:00:00+00:00,2020,5,3411363
901,1,3,Man United,Crystal Palace,0,2020-09-19 16:30:00+00:00,2020,5,3411365
902,2,1,Arsenal,West Ham,1,2020-09-19 19:00:00+00:00,2020,5,3411359
903,2,5,Southampton,Tottenham,0,2020-09-20 11:00:00+00:00,2020,6,3411367
904,0,3,Newcastle,Brighton,0,2020-09-20 13:00:00+00:00,2020,6,3411366
905,0,2,Chelsea,Liverpool,0,2020-09-20 15:30:00+00:00,2020,6,3411361
906,4,2,Leicester,Burnley,1,2020-09-20 18:00:00+00:00,2020,6,3411364
907,1,0,Aston Villa,Sheff Utd,1,2020-09-21 17:00:00+00:00,2020,0,3411360
908,1,3,Wolves,Man City,0,2020-09-21 19:15:00+00:00,2020,0,3411368
909,2,3,Brighton,Man United,0,2020-09-26 11:30:00+00:00,2020,5,3411369
910,1,2,Crystal Palace,Everton,0,2020-09-26 14:00:00+00:00,2020,5,3411371
911,3,3,West Brom,Chelsea,0,2020-09-26 16:30:00+00:00,2020,5,3411377
912,0,1,Burnley,Southampton,0,2020-09-26 19:00:00+00:00,2020,5,3411370
913,0,1,Sheff Utd,Leeds,0,2020-09-27 11:00:00+00:00,2020,6,3411375
914,1,1,Tottenham,Newcastle,0,2020-09-27 13:00:00+00:00,2020,6,3411376
915,2,5,Man City,Leicester,0,2020-09-27 15:30:00+00:00,2020,6,3411374
916,4,0,West Ham,Wolves,1,2020-09-27 18:00:00+00:00,2020,6,3411378
917,0,3,Fulham,Aston Villa,0,2020-09-28 16:45:00+00:00,2020,0,3411372
918,3,1,Liverpool,Arsenal,1,2020-09-28 19:00:00+00:00,2020,0,3411373
919,4,0,Chelsea,Crystal Palace,1,2020-10-03 11:30:00+00:00,2020,5,3411381
920,4,2,Everton,Brighton,1,2020-10-03 14:00:00+00:00,2020,5,3411382
921,1,1,Leeds,Man City,0,2020-10-03 16:30:00+00:00,2020,5,3411383
922,3,1,Newcastle,Burnley,1,2020-10-03 19:00:00+00:00,2020,5,3411386
923,0,3,Leicester,West Ham,0,2020-10-04 11:00:00+00:00,2020,6,3411384
924,2,0,Southampton,West Brom,1,2020-10-04 11:00:00+00:00,2020,6,3411387
925,2,1,Arsenal,Sheff Utd,1,2020-10-04 13:00:00+00:00,2020,6,3411379
926,1,0,Wolves,Fulham,1,2020-10-04 13:00:00+00:00,2020,6,3411388
927,1,6,Man United,Tottenham,0,2020-10-04 15:30:00+00:00,2020,6,3411385
928,7,2,Aston Villa,Liverpool,1,2020-10-04 18:15:00+00:00,2020,6,3411380
929,2,2,Everton,Liverpool,0,2020-10-17 11:30:00+00:00,2020,5,3411391
930,3,3,Chelsea,Southampton,0,2020-10-17 14:00:00+00:00,2020,5,3411389
931,1,0,Man City,Arsenal,1,2020-10-17 16:30:00+00:00,2020,5,3411394
932,1,4,Newcastle,Man United,0,2020-10-17 19:00:00+00:00,2020,5,3411395
933,1,1,Sheff Utd,Fulham,0,2020-10-18 11:00:00+00:00,2020,6,3411396
934,1,1,Crystal Palace,Brighton,0,2020-10-18 13:00:00+00:00,2020,6,3411390
935,3,3,Tottenham,West Ham,0,2020-10-18 15:30:00+00:00,2020,6,3411397
936,0,1,Leicester,Aston Villa,0,2020-10-18 18:15:00+00:00,2020,6,3411393
937,0,0,West Brom,Burnley,0,2020-10-19 16:30:00+00:00,2020,0,3411398
938,0,1,Leeds,Wolves,0,2020-10-19 19:00:00+00:00,2020,0,3411392
939,0,3,Aston Villa,Leeds,0,2020-10-23 19:00:00+00:00,2020,4,3411400
940,1,1,West Ham,Man City,0,2020-10-24 11:30:00+00:00,2020,5,3411407
941,1,2,Fulham,Crystal Palace,0,2020-10-24 14:00:00+00:00,2020,5,3411403
942,0,0,Man United,Chelsea,0,2020-10-24 16:30:00+00:00,2020,5,3411405
943,2,1,Liverpool,Sheff Utd,1,2020-10-24 19:00:00+00:00,2020,5,3411404
944,2,0,Southampton,Everton,1,2020-10-25 14:00:00+00:00,2020,6,3411406
945,1,1,Wolves,Newcastle,0,2020-10-25 16:30:00+00:00,2020,6,3411408
946,0,1,Arsenal,Leicester,0,2020-10-25 19:15:00+00:00,2020,6,3411399
947,1,1,Brighton,West Brom,0,2020-10-26 17:30:00+00:00,2020,0,3411401
948,0,1,Burnley,Tottenham,0,2020-10-26 20:00:00+00:00,2020,0,3411402
949,2,0,Wolves,Crystal Palace,1,2020-10-30 20:00:00+00:00,2020,4,3411418
950,0,1,Sheff Utd,Man City,0,2020-10-31 12:30:00+00:00,2020,5,3411416
951,0,3,Burnley,Chelsea,0,2020-10-31 15:00:00+00:00,2020,5,3411410
952,2,1,Liverpool,West Ham,1,2020-10-31 17:30:00+00:00,2020,5,3411413
953,3,4,Aston Villa,Southampton,0,2020-11-01 12:00:00+00:00,2020,6,3411409
954,2,1,Newcastle,Everton,1,2020-11-01 14:00:00+00:00,2020,6,3411415
955,0,1,Man United,Arsenal,0,2020-11-01 16:30:00+00:00,2020,6,3411414
956,2,1,Tottenham,Brighton,1,2020-11-01 19:15:00+00:00,2020,6,3411417
957,2,0,Fulham,West Brom,1,2020-11-02 17:30:00+00:00,2020,0,3411411
958,1,4,Leeds,Leicester,0,2020-11-02 20:00:00+00:00,2020,0,3411412
959,0,0,Brighton,Burnley,0,2020-11-06 17:30:00+00:00,2020,4,3411420
960,2,0,Southampton,Newcastle,1,2020-11-06 20:00:00+00:00,2020,4,3411426
961,1,3,Everton,Man United,0,2020-11-07 12:30:00+00:00,2020,5,3411423
962,4,1,Crystal Palace,Leeds,1,2020-11-07 15:00:00+00:00,2020,5,3411422
963,4,1,Chelsea,Sheff Utd,1,2020-11-07 17:30:00+00:00,2020,5,3411421
964,1,0,West Ham,Fulham,1,2020-11-07 20:00:00+00:00,2020,5,3411428
965,0,1,West Brom,Tottenham,0,2020-11-08 12:00:00+00:00,2020,6,3411427
966,1,0,Leicester,Wolves,1,2020-11-08 14:00:00+00:00,2020,6,3411424
967,1,1,Man City,Liverpool,0,2020-11-08 16:30:00+00:00,2020,6,3411425
968,0,3,Arsenal,Aston Villa,0,2020-11-08 19:15:00+00:00,2020,6,3411419
969,0,2,Newcastle,Chelsea,0,2020-11-21 12:30:00+00:00,2020,5,3411435
970,1,2,Aston Villa,Brighton,0,2020-11-21 15:00:00+00:00,2020,5,3411429
971,2,0,Tottenham,Man City,1,2020-11-21 17:30:00+00:00,2020,5,3411437
972,1,0,Man United,West Brom,1,2020-11-21 20:00:00+00:00,2020,5,3411434
973,2,3,Fulham,Everton,0,2020-11-22 12:00:00+00:00,2020,6,3411431
974,0,1,Sheff Utd,West Ham,0,2020-11-22 14:00:00+00:00,2020,6,3411436
975,0,0,Leeds,Arsenal,0,2020-11-22 16:30:00+00:00,2020,6,3411432
976,3,0,Liverpool,Leicester,1,2020-11-22 19:15:00+00:00,2020,6,3411433
977,1,0,Burnley,Crystal Palace,1,2020-11-23 17:30:00+00:00,2020,0,3411430
978,1,1,Wolves,Southampton,0,2020-11-23 20:00:00+00:00,2020,0,3411438
979,0,2,Crystal Palace,Newcastle,0,2020-11-27 20:00:00+00:00,2020,4,3411442
980,1,1,Brighton,Liverpool,0,2020-11-28 12:30:00+00:00,2020,5,3411440
981,5,0,Man City,Burnley,1,2020-11-28 15:00:00+00:00,2020,5,3411445
982,0,1,Everton,Leeds,0,2020-11-28 17:30:00+00:00,2020,5,3411443
983,1,0,West Brom,Sheff Utd,1,2020-11-28 20:00:00+00:00,2020,5,3411447
984,2,3,Southampton,Man United,0,2020-11-29 14:00:00+00:00,2020,6,3411446
985,0,0,Chelsea,Tottenham,0,2020-11-29 16:30:00+00:00,2020,6,3411441
986,1,2,Arsenal,Wolves,0,2020-11-29 19:15:00+00:00,2020,6,3411439
987,1,2,Leicester,Fulham,0,2020-11-30 17:30:00+00:00,2020,0,3411444
988,2,1,West Ham,Aston Villa,1,2020-11-30 20:00:00+00:00,2020,0,3411448
989,1,1,Burnley,Everton,0,2020-12-05 12:30:00+00:00,2020,5,3411451
990,2,0,Man City,Fulham,1,2020-12-05 15:00:00+00:00,2020,5,3411454
991,1,3,West Ham,Man United,0,2020-12-05 17:30:00+00:00,2020,5,3411458
992,3,1,Chelsea,Leeds,1,2020-12-05 20:00:00+00:00,2020,5,3411452
993,1,5,West Brom,Crystal Palace,0,2020-12-06 12:00:00+00:00,2020,6,3411457
994,1,2,Sheff Utd,Leicester,0,2020-12-06 14:15:00+00:00,2020,6,3411455
995,2,0,Tottenham,Arsenal,1,2020-12-06 16:30:00+00:00,2020,6,3411456
996,4,0,Liverpool,Wolves,1,2020-12-06 19:15:00+00:00,2020,6,3411453
997,1,2,Brighton,Southampton,0,2020-12-07 20:00:00+00:00,2020,0,3411450
998,1,2,Leeds,West Ham,0,2020-12-11 20:00:00+00:00,2020,4,3411463
999,0,1,Wolves,Aston Villa,0,2020-12-12 12:30:00+00:00,2020,5,3411468
1000,2,1,Newcastle,West Brom,1,2020-12-12 15:00:00+00:00,2020,5,3411466
1001,0,0,Man United,Man City,0,2020-12-12 17:30:00+00:00,2020,5,3411465
1002,1,0,Everton,Chelsea,1,2020-12-12 20:00:00+00:00,2020,5,3411461
1003,3,0,Southampton,Sheff Utd,1,2020-12-13 12:00:00+00:00,2020,6,3411467
1004,1,1,Crystal Palace,Tottenham,0,2020-12-13 14:15:00+00:00,2020,6,3411460
1005,1,1,Fulham,Liverpool,0,2020-12-13 16:30:00+00:00,2020,6,3411462
1006,0,1,Arsenal,Burnley,0,2020-12-13 19:15:00+00:00,2020,6,3411459
1007,3,0,Leicester,Brighton,1,2020-12-13 19:15:00+00:00,2020,6,3411464
1008,2,1,Wolves,Chelsea,1,2020-12-15 18:00:00+00:00,2020,1,3411476
1009,1,1,Man City,West Brom,0,2020-12-15 20:00:00+00:00,2020,1,3411478
1010,1,1,Arsenal,Southampton,0,2020-12-16 18:00:00+00:00,2020,2,3411469
1011,5,2,Leeds,Newcastle,1,2020-12-16 18:00:00+00:00,2020,2,3411472
1012,0,2,Leicester,Everton,0,2020-12-16 18:00:00+00:00,2020,2,3411473
1013,0,0,Fulham,Brighton,0,2020-12-16 20:00:00+00:00,2020,2,3411471
1014,2,1,Liverpool,Tottenham,1,2020-12-16 20:00:00+00:00,2020,2,3411477
1015,1,1,West Ham,Crystal Palace,0,2020-12-16 20:00:00+00:00,2020,2,3411475
1016,0,0,Aston Villa,Burnley,0,2020-12-17 18:00:00+00:00,2020,3,3411470
1017,2,3,Sheff Utd,Man United,0,2020-12-17 20:00:00+00:00,2020,3,3411474
1018,0,7,Crystal Palace,Liverpool,0,2020-12-19 12:30:00+00:00,2020,5,3411482
1019,0,1,Southampton,Man City,0,2020-12-19 15:00:00+00:00,2020,5,3411486
1020,2,1,Everton,Arsenal,1,2020-12-19 17:30:00+00:00,2020,5,3411483
1021,1,1,Newcastle,Fulham,0,2020-12-19 20:00:00+00:00,2020,5,3411485
1022,1,1,Brighton,Sheff Utd,0,2020-12-20 12:00:00+00:00,2020,6,3411479
1023,0,2,Tottenham,Leicester,0,2020-12-20 14:15:00+00:00,2020,6,3411487
1024,6,2,Man United,Leeds,1,2020-12-20 16:30:00+00:00,2020,6,3411484
1025,0,3,West Brom,Aston Villa,0,2020-12-20 19:15:00+00:00,2020,6,3411488
1026,2,1,Burnley,Wolves,1,2020-12-21 17:30:00+00:00,2020,0,3411480
1027,3,0,Chelsea,West Ham,1,2020-12-21 20:00:00+00:00,2020,0,3411481
1028,2,2,Leicester,Man United,0,2020-12-26 12:30:00+00:00,2020,5,3411493
1029,3,0,Aston Villa,Crystal Palace,1,2020-12-26 15:00:00+00:00,2020,5,3411490
1030,0,0,Fulham,Southampton,0,2020-12-26 15:00:00+00:00,2020,5,3411491
1031,3,1,Arsenal,Chelsea,1,2020-12-26 17:30:00+00:00,2020,5,3411489
1032,2,0,Man City,Newcastle,1,2020-12-26 20:00:00+00:00,2020,5,3411495
1033,0,1,Sheff Utd,Everton,0,2020-12-26 20:00:00+00:00,2020,5,3411496
1034,1,0,Leeds,Burnley,1,2020-12-27 12:00:00+00:00,2020,6,3411492
1035,2,2,West Ham,Brighton,0,2020-12-27 14:15:00+00:00,2020,6,3411497
1036,1,1,Liverpool,West Brom,0,2020-12-27 16:30:00+00:00,2020,6,3411494
1037,1,1,Wolves,Tottenham,0,2020-12-27 19:15:00+00:00,2020,6,3411498
1038,1,1,Crystal Palace,Leicester,0,2020-12-28 15:00:00+00:00,2020,0,3411502
1039,1,1,Chelsea,Aston Villa,0,2020-12-28 17:30:00+00:00,2020,0,3411501
1040,0,1,Brighton,Arsenal,0,2020-12-29 18:00:00+00:00,2020,1,3411499
1041,1,0,Burnley,Sheff Utd,1,2020-12-29 18:00:00+00:00,2020,1,3411500
1042,0,0,Southampton,West Ham,0,2020-12-29 18:00:00+00:00,2020,1,3411506
1043,0,5,West Brom,Leeds,0,2020-12-29 18:00:00+00:00,2020,1,3411508
1044,1,0,Man United,Wolves,1,2020-12-29 20:00:00+00:00,2020,1,3411504
1045,0,0,Newcastle,Liverpool,0,2020-12-30 20:00:00+00:00,2020,2,3411505
1046,0,1,Everton,West Ham,0,2021-01-01 17:30:00+00:00,2021,4,3411513
1047,2,1,Man United,Aston Villa,1,2021-01-01 20:00:00+00:00,2021,4,3411514
1048,3,0,Tottenham,Leeds,1,2021-01-02 12:30:00+00:00,2021,5,3411517
1049,2,0,Crystal Palace,Sheff Utd,1,2021-01-02 15:00:00+00:00,2021,5,3411512
1050,3,3,Brighton,Wolves,0,2021-01-02 17:30:00+00:00,2021,5,3411509
1051,0,4,West Brom,Arsenal,0,2021-01-02 20:00:00+00:00,2021,5,3411518
1052,1,2,Newcastle,Leicester,0,2021-01-03 14:15:00+00:00,2021,6,3411515
1053,1,3,Chelsea,Man City,0,2021-01-03 16:30:00+00:00,2021,6,3411511
1054,1,0,Southampton,Liverpool,1,2021-01-04 20:00:00+00:00,2021,0,3411516
1055,1,0,Sheff Utd,Newcastle,1,2021-01-12 18:00:00+00:00,2021,1,3411524
1056,0,1,Burnley,Man United,0,2021-01-12 20:15:00+00:00,2021,1,3411340
1057,1,2,Wolves,Everton,0,2021-01-12 20:15:00+00:00,2021,1,3411526
1058,1,0,Man City,Brighton,1,2021-01-13 18:00:00+00:00,2021,2,3411528
1059,1,1,Tottenham,Fulham,0,2021-01-13 20:15:00+00:00,2021,2,3411507
1060,0,0,Arsenal,Crystal Palace,0,2021-01-14 20:00:00+00:00,2021,3,3411519
1061,2,3,Wolves,West Brom,0,2021-01-16 12:30:00+00:00,2021,5,3411538
1062,0,1,Leeds,Brighton,0,2021-01-16 15:00:00+00:00,2021,5,3411532
1063,1,0,West Ham,Burnley,1,2021-01-16 15:00:00+00:00,2021,5,3411537
1064,0,1,Fulham,Chelsea,0,2021-01-16 17:30:00+00:00,2021,5,3411531
1065,2,0,Leicester,Southampton,1,2021-01-16 20:00:00+00:00,2021,5,3411533
1066,1,3,Sheff Utd,Tottenham,0,2021-01-17 14:00:00+00:00,2021,6,3411536
1067,0,0,Liverpool,Man United,0,2021-01-17 16:30:00+00:00,2021,6,3411534
1068,4,0,Man City,Crystal Palace,1,2021-01-17 19:15:00+00:00,2021,6,3411535
1069,3,0,Arsenal,Newcastle,1,2021-01-18 20:00:00+00:00,2021,0,3411529
1070,2,1,West Ham,West Brom,1,2021-01-19 18:00:00+00:00,2021,1,3411525
1071,2,0,Leicester,Chelsea,1,2021-01-19 20:15:00+00:00,2021,1,3411523
1072,2,0,Man City,Aston Villa,1,2021-01-20 18:00:00+00:00,2021,2,3411341
1073,1,2,Fulham,Man United,0,2021-01-20 20:15:00+00:00,2021,2,3411521
1074,0,1,Liverpool,Burnley,0,2021-01-21 20:00:00+00:00,2021,3,3411527
1075,2,0,Aston Villa,Newcastle,1,2021-01-23 20:00:00+00:00,2021,5,3411449
1076,2,3,Crystal Palace,West Ham,0,2021-01-26 18:00:00+00:00,2021,1,3411548
1077,1,2,Newcastle,Leeds,0,2021-01-26 18:00:00+00:00,2021,1,3411545
1078,1,3,Southampton,Arsenal,0,2021-01-26 20:15:00+00:00,2021,1,3411546
1079,0,5,West Brom,Man City,0,2021-01-26 20:15:00+00:00,2021,1,3411543
1080,3,2,Burnley,Aston Villa,1,2021-01-27 18:00:00+00:00,2021,2,3411540
1081,0,0,Chelsea,Wolves,0,2021-01-27 18:00:00+00:00,2021,2,3411544
1082,0,0,Brighton,Fulham,0,2021-01-27 19:30:00+00:00,2021,2,3411539
1083,1,1,Everton,Leicester,0,2021-01-27 20:15:00+00:00,2021,2,3411541
1084,1,2,Man United,Sheff Utd,0,2021-01-27 20:15:00+00:00,2021,2,3411542
1085,1,3,Tottenham,Liverpool,0,2021-01-28 20:00:00+00:00,2021,3,3411547
1086,0,2,Everton,Newcastle,0,2021-01-30 12:30:00+00:00,2021,5,3411553
1087,1,0,Crystal Palace,Wolves,1,2021-01-30 15:00:00+00:00,2021,5,3411552
1088,1,0,Man City,Sheff Utd,1,2021-01-30 15:00:00+00:00,2021,5,3411555
1089,2,2,West Brom,Fulham,0,2021-01-30 15:00:00+00:00,2021,5,3411557
1090,0,0,Arsenal,Man United,0,2021-01-30 17:30:00+00:00,2021,5,3411549
1091,0,1,Southampton,Aston Villa,0,2021-01-30 20:00:00+00:00,2021,5,3411556
1092,2,0,Chelsea,Burnley,1,2021-01-31 12:00:00+00:00,2021,6,3411551
1093,1,3,Leicester,Leeds,0,2021-01-31 14:00:00+00:00,2021,6,3411554
1094,1,3,West Ham,Liverpool,0,2021-01-31 16:30:00+00:00,2021,6,3411558
1095,1,0,Brighton,Tottenham,1,2021-01-31 19:15:00+00:00,2021,6,3411550
1096,2,1,Sheff Utd,West Brom,1,2021-02-02 18:00:00+00:00,2021,1,3411563
1097,2,1,Wolves,Arsenal,1,2021-02-02 18:00:00+00:00,2021,1,3411564
1098,9,0,Man United,Southampton,1,2021-02-02 20:15:00+00:00,2021,1,3411565
1099,1,2,Newcastle,Crystal Palace,0,2021-02-02 20:15:00+00:00,2021,1,3411566
1100,0,2,Burnley,Man City,0,2021-02-03 18:00:00+00:00,2021,2,3411560
1101,0,2,Fulham,Leicester,0,2021-02-03 18:00:00+00:00,2021,2,3411561
1102,1,2,Leeds,Everton,0,2021-02-03 19:30:00+00:00,2021,2,3411562
1103,1,3,Aston Villa,West Ham,0,2021-02-03 20:15:00+00:00,2021,2,3411559
1104,0,1,Liverpool,Brighton,0,2021-02-03 20:15:00+00:00,2021,2,3411568
1105,0,1,Tottenham,Chelsea,0,2021-02-04 20:00:00+00:00,2021,3,3411567
1106,1,0,Aston Villa,Arsenal,1,2021-02-06 12:30:00+00:00,2021,5,3411569
1107,1,1,Burnley,Brighton,0,2021-02-06 15:00:00+00:00,2021,5,3411570
1108,3,2,Newcastle,Southampton,1,2021-02-06 15:00:00+00:00,2021,5,3411575
1109,0,0,Fulham,West Ham,0,2021-02-06 17:30:00+00:00,2021,5,3411571
1110,3,3,Man United,Everton,0,2021-02-06 20:00:00+00:00,2021,5,3411574
1111,2,0,Tottenham,West Brom,1,2021-02-07 12:00:00+00:00,2021,6,3411577
1112,0,0,Wolves,Leicester,0,2021-02-07 14:00:00+00:00,2021,6,3411578
1113,1,4,Liverpool,Man City,0,2021-02-07 16:30:00+00:00,2021,6,3411573
1114,1,2,Sheff Utd,Chelsea,0,2021-02-07 19:15:00+00:00,2021,6,3411576
1115,2,0,Leeds,Crystal Palace,1,2021-02-08 20:00:00+00:00,2021,0,3411572
1116,3,1,Leicester,Liverpool,1,2021-02-13 12:30:00+00:00,2021,5,3411584
1117,0,3,Crystal Palace,Burnley,0,2021-02-13 15:00:00+00:00,2021,5,3411582
1118,3,0,Man City,Tottenham,1,2021-02-13 17:30:00+00:00,2021,5,3411585
1119,0,0,Brighton,Aston Villa,0,2021-02-13 20:00:00+00:00,2021,5,3411580
1120,1,2,Southampton,Wolves,0,2021-02-14 12:00:00+00:00,2021,6,3411586
1121,1,1,West Brom,Man United,0,2021-02-14 14:00:00+00:00,2021,6,3411587
1122,4,2,Arsenal,Leeds,1,2021-02-14 16:30:00+00:00,2021,6,3411579
1123,0,2,Everton,Fulham,0,2021-02-14 19:00:00+00:00,2021,6,3411583
1124,3,0,West Ham,Sheff Utd,1,2021-02-15 18:00:00+00:00,2021,0,3411588
1125,2,0,Chelsea,Newcastle,1,2021-02-15 20:00:00+00:00,2021,0,3411581
1126,1,1,Burnley,Fulham,0,2021-02-17 18:00:00+00:00,2021,2,3411510
1127,1,3,Everton,Man City,0,2021-02-17 20:15:00+00:00,2021,2,3411503
1128,1,0,Wolves,Leeds,1,2021-02-19 20:00:00+00:00,2021,4,3411598
1129,1,1,Southampton,Chelsea,0,2021-02-20 12:30:00+00:00,2021,5,3411596
1130,0,0,Burnley,West Brom,0,2021-02-20 15:00:00+00:00,2021,5,3411592
1131,0,2,Liverpool,Everton,0,2021-02-20 17:30:00+00:00,2021,5,3411594
1132,1,0,Fulham,Sheff Utd,1,2021-02-20 20:00:00+00:00,2021,5,3411593
1133,2,1,West Ham,Tottenham,1,2021-02-21 12:00:00+00:00,2021,6,3411597
1134,1,2,Aston Villa,Leicester,0,2021-02-21 14:05:00+00:00,2021,6,3411590
1135,0,1,Arsenal,Man City,0,2021-02-21 16:30:00+00:00,2021,6,3411589
1136,3,1,Man United,Newcastle,1,2021-02-21 19:00:00+00:00,2021,6,3411595
1137,1,2,Brighton,Crystal Palace,0,2021-02-22 20:00:00+00:00,2021,0,3411591
1138,3,0,Leeds,Southampton,1,2021-02-23 18:00:00+00:00,2021,1,3411522
1139,2,1,Man City,West Ham,1,2021-02-27 12:30:00+00:00,2021,5,3411604
1140,1,0,West Brom,Brighton,1,2021-02-27 15:00:00+00:00,2021,5,3411608
1141,0,1,Leeds,Aston Villa,0,2021-02-27 17:30:00+00:00,2021,5,3411602
1142,1,1,Newcastle,Wolves,0,2021-02-27 20:00:00+00:00,2021,5,3411605
1143,0,0,Crystal Palace,Fulham,0,2021-02-28 12:00:00+00:00,2021,6,3411600
1144,1,3,Leicester,Arsenal,0,2021-02-28 12:00:00+00:00,2021,6,3411603
1145,4,0,Tottenham,Burnley,1,2021-02-28 14:00:00+00:00,2021,6,3411607
1146,0,0,Chelsea,Man United,0,2021-02-28 16:30:00+00:00,2021,6,3411599
1147,0,2,Sheff Utd,Liverpool,0,2021-02-28 19:15:00+00:00,2021,6,3411606
1148,1,0,Everton,Southampton,1,2021-03-01 20:00:00+00:00,2021,0,3411601
1149,4,1,Man City,Wolves,1,2021-03-02 20:00:00+00:00,2021,1,3411634
1150,1,1,Burnley,Leicester,0,2021-03-03 18:00:00+00:00,2021,2,3411630
1151,1,0,Sheff Utd,Aston Villa,1,2021-03-03 18:00:00+00:00,2021,2,3411635
1152,0,0,Crystal Palace,Man United,0,2021-03-03 20:15:00+00:00,2021,2,3411631
1153,0,1,Fulham,Tottenham,0,2021-03-04 18:00:00+00:00,2021,3,3411671
1154,0,1,West Brom,Everton,0,2021-03-04 18:00:00+00:00,2021,3,3411637
1155,0,1,Liverpool,Chelsea,0,2021-03-04 20:15:00+00:00,2021,3,3411633
1156,1,1,Burnley,Arsenal,0,2021-03-06 12:30:00+00:00,2021,5,3411611
1157,0,2,Sheff Utd,Southampton,0,2021-03-06 15:00:00+00:00,2021,5,3411615
1158,0,0,Aston Villa,Wolves,0,2021-03-06 17:30:00+00:00,2021,5,3411609
1159,1,2,Brighton,Leicester,0,2021-03-06 20:00:00+00:00,2021,5,3411610
1160,0,0,West Brom,Newcastle,0,2021-03-07 12:00:00+00:00,2021,6,3411617
1161,0,1,Liverpool,Fulham,0,2021-03-07 14:00:00+00:00,2021,6,3411613
1162,0,2,Man City,Man United,0,2021-03-07 16:30:00+00:00,2021,6,3411614
1163,4,1,Tottenham,Crystal Palace,1,2021-03-07 19:15:00+00:00,2021,6,3411616
1164,2,0,Chelsea,Everton,1,2021-03-08 18:00:00+00:00,2021,0,3411612
1165,2,0,West Ham,Leeds,1,2021-03-08 20:00:00+00:00,2021,0,3411618
1166,5,2,Man City,Southampton,1,2021-03-10 18:00:00+00:00,2021,2,3411675
1167,1,1,Newcastle,Aston Villa,0,2021-03-12 20:00:00+00:00,2021,4,3411626
1168,0,0,Leeds,Chelsea,0,2021-03-13 12:30:00+00:00,2021,5,3411623
1169,1,0,Crystal Palace,West Brom,1,2021-03-13 15:00:00+00:00,2021,5,3411620
1170,1,2,Everton,Burnley,0,2021-03-13 17:30:00+00:00,2021,5,3411621
1171,0,3,Fulham,Man City,0,2021-03-13 20:00:00+00:00,2021,5,3411622
1172,1,2,Southampton,Brighton,0,2021-03-14 12:00:00+00:00,2021,6,3411627
1173,5,0,Leicester,Sheff Utd,1,2021-03-14 14:00:00+00:00,2021,6,3411624
1174,2,1,Arsenal,Tottenham,1,2021-03-14 16:30:00+00:00,2021,6,3411619
1175,1,0,Man United,West Ham,1,2021-03-14 19:15:00+00:00,2021,6,3411625
1176,0,1,Wolves,Liverpool,0,2021-03-15 20:00:00+00:00,2021,0,3411628
1177,1,2,Fulham,Leeds,0,2021-03-19 20:00:00+00:00,2021,4,3411632
1178,3,0,Brighton,Newcastle,1,2021-03-20 20:00:00+00:00,2021,5,3411629
1179,3,3,West Ham,Arsenal,0,2021-03-21 15:00:00+00:00,2021,6,3411638
1180,0,2,Aston Villa,Tottenham,0,2021-03-21 19:30:00+00:00,2021,6,3411520
1181,2,5,Chelsea,West Brom,0,2021-04-03 11:30:00+00:00,2021,5,3411641
1182,2,1,Leeds,Sheff Utd,1,2021-04-03 14:00:00+00:00,2021,5,3411643
1183,0,2,Leicester,Man City,0,2021-04-03 16:30:00+00:00,2021,5,3411644
1184,0,3,Arsenal,Liverpool,0,2021-04-03 19:00:00+00:00,2021,5,3411639
1185,3,2,Southampton,Burnley,1,2021-04-04 11:00:00+00:00,2021,6,3411647
1186,2,2,Newcastle,Tottenham,0,2021-04-04 13:05:00+00:00,2021,6,3411646
1187,3,1,Aston Villa,Fulham,1,2021-04-04 15:30:00+00:00,2021,6,3411640
1188,2,1,Man United,Brighton,1,2021-04-04 18:30:00+00:00,2021,6,3411645
1189,1,1,Everton,Crystal Palace,0,2021-04-05 17:00:00+00:00,2021,0,3411642
1190,2,3,Wolves,West Ham,0,2021-04-05 19:15:00+00:00,2021,0,3411648
1191,0,1,Fulham,Wolves,0,2021-04-09 19:00:00+00:00,2021,4,3411652
1192,1,2,Man City,Leeds,0,2021-04-10 11:30:00+00:00,2021,5,3411654
1193,2,1,Liverpool,Aston Villa,1,2021-04-10 14:00:00+00:00,2021,5,3411653
1194,1,4,Crystal Palace,Chelsea,0,2021-04-10 16:30:00+00:00,2021,5,3411651
1195,1,2,Burnley,Newcastle,0,2021-04-11 11:00:00+00:00,2021,6,3411650
1196,3,2,West Ham,Leicester,1,2021-04-11 13:05:00+00:00,2021,6,3411658
1197,1,3,Tottenham,Man United,0,2021-04-11 15:30:00+00:00,2021,6,3411656
1198,0,3,Sheff Utd,Arsenal,0,2021-04-11 18:00:00+00:00,2021,6,3411655
1199,3,0,West Brom,Southampton,1,2021-04-12 17:00:00+00:00,2021,0,3411657
1200,0,0,Brighton,Everton,0,2021-04-12 19:15:00+00:00,2021,0,3411649
1201,2,2,Everton,Tottenham,0,2021-04-16 19:00:00+00:00,2021,4,3411662
1202,3,2,Newcastle,West Ham,1,2021-04-17 11:30:00+00:00,2021,5,3411666
1203,1,0,Wolves,Sheff Utd,1,2021-04-17 19:15:00+00:00,2021,5,3411668
1204,1,1,Arsenal,Fulham,0,2021-04-18 12:30:00+00:00,2021,6,3411659
1205,3,1,Man United,Burnley,1,2021-04-18 15:00:00+00:00,2021,6,3411665
1206,1,1,Leeds,Liverpool,0,2021-04-19 19:00:00+00:00,2021,0,3411663
1207,0,0,Chelsea,Brighton,0,2021-04-20 19:15:00+00:00,2021,1,3411661
1208,2,1,Tottenham,Southampton,1,2021-04-21 17:00:00+00:00,2021,2,3411636
1209,1,2,Aston Villa,Man City,0,2021-04-21 19:15:00+00:00,2021,2,3411660
1210,3,0,Leicester,West Brom,1,2021-04-22 19:00:00+00:00,2021,3,3411664
1211,0,1,Arsenal,Everton,0,2021-04-23 19:00:00+00:00,2021,4,3411669
1212,1,1,Liverpool,Newcastle,0,2021-04-24 11:30:00+00:00,2021,5,3411674
1213,0,1,West Ham,Chelsea,0,2021-04-24 16:30:00+00:00,2021,5,3411677
1214,1,0,Sheff Utd,Brighton,1,2021-04-24 19:00:00+00:00,2021,5,3411676
1215,0,4,Wolves,Burnley,0,2021-04-25 11:00:00+00:00,2021,6,3411678
1216,0,0,Leeds,Man United,0,2021-04-25 13:00:00+00:00,2021,6,3411672
1217,2,2,Aston Villa,West Brom,0,2021-04-25 18:00:00+00:00,2021,6,3411670
1218,2,1,Leicester,Crystal Palace,1,2021-04-26 19:00:00+00:00,2021,0,3411673
1219,1,1,Southampton,Leicester,0,2021-04-30 19:00:00+00:00,2021,4,3411686
1220,0,2,Crystal Palace,Man City,0,2021-05-01 11:30:00+00:00,2021,5,3411682
1221,2,0,Brighton,Leeds,1,2021-05-01 14:00:00+00:00,2021,5,3411679
1222,2,0,Chelsea,Fulham,1,2021-05-01 16:30:00+00:00,2021,5,3411681
1223,1,2,Everton,Aston Villa,0,2021-05-01 19:00:00+00:00,2021,5,3411683
1224,0,2,Newcastle,Arsenal,0,2021-05-02 13:00:00+00:00,2021,6,3411685
1225,4,0,Tottenham,Sheff Utd,1,2021-05-02 18:15:00+00:00,2021,6,3411687
1226,1,1,West Brom,Wolves,0,2021-05-03 17:00:00+00:00,2021,0,3411688
1227,1,2,Burnley,West Ham,0,2021-05-03 19:15:00+00:00,2021,0,3411680
1228,2,4,Leicester,Newcastle,0,2021-05-07 19:00:00+00:00,2021,4,3411693
1229,3,1,Leeds,Tottenham,1,2021-05-08 11:30:00+00:00,2021,5,3411692
1230,0,2,Sheff Utd,Crystal Palace,0,2021-05-08 14:00:00+00:00,2021,5,3411696
1231,1,2,Man City,Chelsea,0,2021-05-08 16:30:00+00:00,2021,5,3411695
1232,2,0,Liverpool,Southampton,1,2021-05-08 19:15:00+00:00,2021,5,3411694
1233,2,1,Wolves,Brighton,1,2021-05-09 11:00:00+00:00,2021,6,3411698
1234,1,3,Aston Villa,Man United,0,2021-05-09 13:05:00+00:00,2021,6,3411690
1235,0,1,West Ham,Everton,0,2021-05-09 15:30:00+00:00,2021,6,3411697
1236,3,1,Arsenal,West Brom,1,2021-05-09 18:00:00+00:00,2021,6,3411689
1237,0,2,Fulham,Burnley,0,2021-05-10 19:00:00+00:00,2021,0,3411691
1238,1,2,Man United,Leicester,0,2021-05-11 17:00:00+00:00,2021,1,3411702
1239,3,1,Southampton,Crystal Palace,1,2021-05-11 19:15:00+00:00,2021,1,3411667
1240,0,1,Chelsea,Arsenal,0,2021-05-12 19:15:00+00:00,2021,2,3411704
1241,0,0,Aston Villa,Everton,0,2021-05-13 17:00:00+00:00,2021,3,3411530
1242,2,4,Man United,Liverpool,0,2021-05-13 19:15:00+00:00,2021,3,3411684
1243,3,4,Newcastle,Man City,0,2021-05-14 19:00:00+00:00,2021,4,3411705
1244,0,4,Burnley,Leeds,0,2021-05-15 11:30:00+00:00,2021,5,3411700
1245,3,1,Southampton,Fulham,1,2021-05-15 14:00:00+00:00,2021,5,3411706
1246,1,1,Brighton,West Ham,0,2021-05-15 19:00:00+00:00,2021,5,3411699
1247,3,2,Crystal Palace,Aston Villa,1,2021-05-16 11:00:00+00:00,2021,6,3411708
1248,2,0,Tottenham,Wolves,1,2021-05-16 13:05:00+00:00,2021,6,3411707
1249,1,2,West Brom,Liverpool,0,2021-05-16 15:30:00+00:00,2021,6,3411703
1250,0,1,Everton,Sheff Utd,0,2021-05-16 18:00:00+00:00,2021,6,3411701
1251,1,1,Man United,Fulham,0,2021-05-18 17:00:00+00:00,2021,1,3411714
1252,0,2,Southampton,Leeds,0,2021-05-18 17:00:00+00:00,2021,1,3411716
1253,3,2,Brighton,Man City,1,2021-05-18 18:00:00+00:00,2021,1,3411709
1254,2,1,Chelsea,Leicester,1,2021-05-18 19:15:00+00:00,2021,1,3411711
1255,1,0,Everton,Wolves,1,2021-05-19 17:00:00+00:00,2021,2,3411713
1256,1,0,Newcastle,Sheff Utd,1,2021-05-19 17:00:00+00:00,2021,2,3411715
1257,1,2,Tottenham,Aston Villa,0,2021-05-19 17:00:00+00:00,2021,2,3411717
1258,1,3,Crystal Palace,Arsenal,0,2021-05-19 18:00:00+00:00,2021,2,3411712
1259,0,3,Burnley,Liverpool,0,2021-05-19 19:15:00+00:00,2021,2,3411710
1260,1,3,West Brom,West Ham,0,2021-05-19 19:15:00+00:00,2021,2,3411718
1261,2,0,Arsenal,Brighton,1,2021-05-23 15:00:00+00:00,2021,6,3411719
1262,2,1,Aston Villa,Chelsea,1,2021-05-23 15:00:00+00:00,2021,6,3411720
1263,0,2,Fulham,Newcastle,0,2021-05-23 15:00:00+00:00,2021,6,3411721
1264,3,1,Leeds,West Brom,1,2021-05-23 15:00:00+00:00,2021,6,3411722
1265,2,4,Leicester,Tottenham,0,2021-05-23 15:00:00+00:00,2021,6,3411723
1266,2,0,Liverpool,Crystal Palace,1,2021-05-23 15:00:00+00:00,2021,6,3411724
1267,5,0,Man City,Everton,1,2021-05-23 15:00:00+00:00,2021,6,3411725
1268,1,0,Sheff Utd,Burnley,1,2021-05-23 15:00:00+00:00,2021,6,3411726
1269,3,0,West Ham,Southampton,1,2021-05-23 15:00:00+00:00,2021,6,3411727
1270,1,2,Wolves,Man United,0,2021-05-23 15:00:00+00:00,2021,6,3411728
